<appaction uniquename="ren__Record!1b3edb74648e4ca7be72112774d80fb6!ren_REN21FundraisingandEngagement!account!1">
  <appmoduleid>
    <uniquename>ren_REN21FundraisingandEngagement</uniquename>
  </appmoduleid>
  <buttonlabeltext default="Record#">
    <label description="Record#" languagecode="1033" />
  </buttonlabeltext>
  <context>1</context>
  <contextentity>
    <logicalname>account</logicalname>
  </contextentity>
  <contextvalue>account</contextvalue>
  <hidden>0</hidden>
  <iconwebresourceid>
    <webresourceid>bca97412-4417-449a-a436-62ffbe586e7d</webresourceid>
  </iconwebresourceid>
  <iscustomizable>1</iscustomizable>
  <isdisabled>0</isdisabled>
  <isgrouptitlehidden>0</isgrouptitlehidden>
  <location>1</location>
  <name>Record!1b3edb74648e4ca7be72112774d80fb6</name>
  <onclickeventjavascriptfunctionname>entityRecordCount</onclickeventjavascriptfunctionname>
  <onclickeventjavascriptparameters>[]</onclickeventjavascriptparameters>
  <onclickeventjavascriptwebresourceid>
    <webresourceid>1f79d1bb-809e-ee11-be37-000d3ab699fb</webresourceid>
  </onclickeventjavascriptwebresourceid>
  <onclickeventtype>2</onclickeventtype>
  <origin>0</origin>
  <sequence>1000100005.5000000000</sequence>
  <statecode>0</statecode>
  <statuscode>1</statuscode>
  <type>0</type>
  <visibilitytype>0</visibilitytype>
</appaction>