{
  "properties": {
    "connectionReferences": {
      "shared_commondataserviceforapps_1": {
        "runtimeSource": "embedded",
        "connection": {
          "connectionReferenceLogicalName": "ren_sharedcommondataserviceforapps_53d3b"
        },
        "api": {
          "name": "shared_commondataserviceforapps"
        }
      }
    },
    "definition": {
      "$schema": "https://schema.management.azure.com/providers/Microsoft.Logic/schemas/2016-06-01/workflowdefinition.json#",
      "contentVersion": "1.0.0.0",
      "parameters": {
        "$connections": {
          "defaultValue": {},
          "type": "Object"
        },
        "$authentication": {
          "defaultValue": {},
          "type": "SecureObject"
        }
      },
      "triggers": {
        "When_a_row_is_added_under_Events_Table": {
          "metadata": {
            "operationMetadataId": "38994bcf-75d4-4199-8cc9-a4541af448bc"
          },
          "type": "OpenApiConnectionWebhook",
          "inputs": {
            "host": {
              "connectionName": "shared_commondataserviceforapps_1",
              "operationId": "SubscribeWebhookTrigger",
              "apiId": "/providers/Microsoft.PowerApps/apis/shared_commondataserviceforapps"
            },
            "parameters": {
              "subscriptionRequest/message": 1,
              "subscriptionRequest/entityname": "msnfp_event",
              "subscriptionRequest/scope": 4
            },
            "authentication": "@parameters('$authentication')"
          },
          "conditions": []
        }
      },
      "actions": {
        "http_body": {
          "runAfter": {},
          "metadata": {
            "operationMetadataId": "0d45e7f9-10f1-436b-9080-129d0fab2c47"
          },
          "type": "InitializeVariable",
          "inputs": {
            "variables": [
              {
                "name": "http body",
                "type": "object"
              }
            ]
          }
        },
        "zoomAccountValue": {
          "runAfter": {
            "http_body": [
              "Succeeded"
            ]
          },
          "metadata": {
            "operationMetadataId": "d0c5f62a-2e86-40ff-929f-ff7144c012eb"
          },
          "type": "InitializeVariable",
          "inputs": {
            "variables": [
              {
                "name": "zoomAccountValue",
                "type": "string"
              }
            ]
          }
        },
        "Getting_token": {
          "runAfter": {
            "zoomAccountValue": [
              "Succeeded"
            ]
          },
          "metadata": {
            "operationMetadataId": "43d51270-0389-452e-b725-035622a38e5b"
          },
          "type": "Http",
          "inputs": {
            "method": "POST",
            "uri": "https://zoom.us/oauth/token",
            "headers": {
              "Authorization": "Basic SndXbHNXY2RTZmlGUkhvb3dCMDE3Zzp4Y3pMdjZMUlN1c2J6Z2NXQjlQQnYxTlo1Q0xYNzE5Vg=="
            },
            "queries": {
              "grant_type": "account_credentials",
              "account_id": "jX3wqUSPS_-7fJOZ5Tdg-A"
            }
          }
        },
        "Set_http_body": {
          "runAfter": {
            "Getting_token": [
              "Succeeded"
            ]
          },
          "metadata": {
            "operationMetadataId": "5d3e88f0-c2c0-40fd-bd64-7819881b1a36"
          },
          "type": "SetVariable",
          "inputs": {
            "name": "http body",
            "value": "@body('Getting_token')"
          }
        },
        "token_value": {
          "runAfter": {
            "Set_http_body": [
              "Succeeded"
            ]
          },
          "metadata": {
            "operationMetadataId": "e5ff2171-a0c3-439c-bf6d-af93a3315cc0"
          },
          "type": "Compose",
          "inputs": "@variables('http body')['access_token']"
        },
        "zoom_account": {
          "runAfter": {
            "token_value": [
              "Succeeded"
            ]
          },
          "metadata": {
            "operationMetadataId": "c9588f80-1fd1-4d61-a71f-ba65cb3af0ac"
          },
          "type": "Compose",
          "inputs": "@triggerOutputs()?['body/ren_zoomaccount']"
        },
        "Switch": {
          "runAfter": {
            "zoom_account": [
              "Succeeded"
            ]
          },
          "cases": {
            "Case": {
              "case": 910190000,
              "actions": {
                "Set_zoomAccountValue": {
                  "runAfter": {},
                  "metadata": {
                    "operationMetadataId": "8afd31f5-7f19-438c-913f-684dcd1e37c8"
                  },
                  "type": "SetVariable",
                  "inputs": {
                    "name": "zoomAccountValue",
                    "value": "secretariat@ren21.net"
                  }
                }
              }
            },
            "Case_2": {
              "case": 910190001,
              "actions": {
                "Set_variable": {
                  "runAfter": {},
                  "metadata": {
                    "operationMetadataId": "a0aab98b-136f-4446-afeb-6cd28f91270d"
                  },
                  "type": "SetVariable",
                  "inputs": {
                    "name": "zoomAccountValue",
                    "value": "community@ren21.net"
                  }
                }
              }
            },
            "Case_3": {
              "case": 910190002,
              "actions": {
                "Set_variable_2": {
                  "runAfter": {},
                  "metadata": {
                    "operationMetadataId": "29c71f18-328d-4f80-9eba-540a0a88214f"
                  },
                  "type": "SetVariable",
                  "inputs": {
                    "name": "zoomAccountValue",
                    "value": "gsr@ren21.net"
                  }
                }
              }
            }
          },
          "default": {
            "actions": {
              "Set_variable_3": {
                "runAfter": {},
                "metadata": {
                  "operationMetadataId": "6d2789ef-a260-40c4-b6c6-6c18303eb7ed"
                },
                "type": "SetVariable",
                "inputs": {
                  "name": "zoomAccountValue",
                  "value": "me"
                }
              }
            }
          },
          "expression": "@outputs('zoom_account')",
          "metadata": {
            "operationMetadataId": "77690a38-9cc2-43dc-a4fb-7dd8ee890181"
          },
          "type": "Switch"
        },
        "Condition": {
          "actions": {
            "host_email": {
              "runAfter": {
                "Set_join_url": [
                  "Succeeded"
                ]
              },
              "metadata": {
                "operationMetadataId": "4013de41-c7a0-4175-b0fa-49da5b52a504"
              },
              "type": "Compose",
              "inputs": "@outputs('Set_ZoomMeetingDetails')['host_email']"
            },
            "Update_a_row": {
              "runAfter": {
                "timezone": [
                  "Succeeded"
                ]
              },
              "metadata": {
                "operationMetadataId": "9dec60da-d80c-4b8a-bdd7-d339e5479a12"
              },
              "type": "OpenApiConnection",
              "inputs": {
                "host": {
                  "connectionName": "shared_commondataserviceforapps_1",
                  "operationId": "UpdateRecord",
                  "apiId": "/providers/Microsoft.PowerApps/apis/shared_commondataserviceforapps"
                },
                "parameters": {
                  "entityName": "msnfp_events",
                  "recordId": "@triggerOutputs()?['body/msnfp_eventid']",
                  "item/ren_host_email": "@outputs('host_email')",
                  "item/ren_topic": "@outputs('Set_join_url')",
                  "item/ren_meeting_id": "@outputs('Set_MeetingID')",
                  "item/ren_timezone": "@outputs('timezone')"
                },
                "authentication": "@parameters('$authentication')"
              }
            },
            "Create_Zoom_meeting": {
              "runAfter": {},
              "metadata": {
                "operationMetadataId": "20103ac5-c96c-4ed6-b5cd-beefbc842723"
              },
              "type": "Http",
              "inputs": {
                "method": "POST",
                "uri": "https://api.zoom.us/v2/users/@{variables('zoomAccountValue')}/meetings",
                "headers": {
                  "Authorization": "Bearer @{outputs('token_value')}",
                  "Content-Type": "application/json"
                },
                "body": {
                  "duration": "@{triggerOutputs()?['body/ren_duration']}",
                  "start_time": "@{triggerOutputs()?['body/ren_eventtime']}",
                  "topic": "@{triggerOutputs()?['body/msnfp_identifier']}"
                }
              }
            },
            "Set_ZoomMeetingDetails": {
              "runAfter": {
                "Create_Zoom_meeting": [
                  "Succeeded"
                ]
              },
              "metadata": {
                "operationMetadataId": "7f8f243a-b210-4ce9-84dd-05000b76eeaa"
              },
              "type": "Compose",
              "inputs": "@body('Create_Zoom_meeting')"
            },
            "Set_MeetingID": {
              "runAfter": {
                "Set_ZoomMeetingDetails": [
                  "Succeeded"
                ]
              },
              "metadata": {
                "operationMetadataId": "33ec73bd-b587-4b49-b435-cf1880659a53"
              },
              "type": "Compose",
              "inputs": "@outputs('Set_ZoomMeetingDetails')['id']"
            },
            "Set_join_url": {
              "runAfter": {
                "Set_MeetingID": [
                  "Succeeded"
                ]
              },
              "metadata": {
                "operationMetadataId": "eec63fda-146b-4128-9b47-9c05cc5fac54"
              },
              "type": "Compose",
              "inputs": "@outputs('Set_ZoomMeetingDetails')['join_url']"
            },
            "timezone": {
              "runAfter": {
                "host_email": [
                  "Succeeded"
                ]
              },
              "metadata": {
                "operationMetadataId": "e63a6eae-6ff4-4ce4-b217-4890c964544a"
              },
              "type": "Compose",
              "inputs": "@outputs('Set_ZoomMeetingDetails')['timezone']"
            }
          },
          "runAfter": {
            "Switch": [
              "Succeeded"
            ]
          },
          "expression": {
            "equals": [
              "@triggerOutputs()?['body/msnfp_eventtypecode']",
              910190001
            ]
          },
          "metadata": {
            "operationMetadataId": "d4ed0d84-328b-49ff-bf65-9a387bdab9b2"
          },
          "type": "If"
        }
      },
      "outputs": {}
    },
    "templateName": ""
  },
  "schemaVersion": "1.0.0.0"
}