{
  "properties": {
    "connectionReferences": {
      "shared_commondataserviceforapps": {
        "runtimeSource": "embedded",
        "connection": {
          "connectionReferenceLogicalName": "ren_sharedcommondataserviceforapps_e4ea6"
        },
        "api": {
          "name": "shared_commondataserviceforapps"
        }
      },
      "shared_servicebus_1": {
        "runtimeSource": "embedded",
        "connection": {
          "connectionReferenceLogicalName": "ren_sharedservicebus_531ab"
        },
        "api": {
          "name": "shared_servicebus"
        }
      }
    },
    "definition": {
      "$schema": "https://schema.management.azure.com/providers/Microsoft.Logic/schemas/2016-06-01/workflowdefinition.json#",
      "contentVersion": "1.0.0.0",
      "parameters": {
        "$connections": {
          "defaultValue": {},
          "type": "Object"
        },
        "$authentication": {
          "defaultValue": {},
          "type": "SecureObject"
        }
      },
      "triggers": {
        "Get_all_messages_arrive_in_a_queue_(auto-complete)": {
          "recurrence": {
            "interval": 1,
            "frequency": "Minute"
          },
          "splitOn": "@triggerOutputs()?['body']",
          "metadata": {
            "operationMetadataId": "f8bc96bb-6415-4c4c-a30c-aa39727c043d"
          },
          "type": "OpenApiConnection",
          "inputs": {
            "host": {
              "connectionName": "shared_servicebus_1",
              "operationId": "GetMessagesFromQueue",
              "apiId": "/providers/Microsoft.PowerApps/apis/shared_servicebus"
            },
            "parameters": {
              "queueName": "ren21-sb-d365crm-integration-queue",
              "maxMessageCount": 20,
              "queueType": "Main"
            },
            "authentication": "@parameters('$authentication')"
          }
        }
      },
      "actions": {
        "Parse_Message_JSON": {
          "runAfter": {
            "ArrayVar": [
              "Succeeded"
            ]
          },
          "metadata": {
            "operationMetadataId": "bd109d19-eb57-4d45-b2d1-a1cae366b0b2"
          },
          "type": "ParseJson",
          "inputs": {
            "content": "@triggerOutputs()?['body/Properties']",
            "schema": {
              "type": "object",
              "properties": {
                "newsletter": {
                  "type": "string"
                },
                "suscriber_id": {
                  "type": "string"
                },
                "form_name": {
                  "type": "string"
                },
                "first_name": {
                  "type": "string"
                },
                "last_name": {
                  "type": "string"
                },
                "organization": {
                  "type": "string"
                },
                "addresses": {
                  "type": "string"
                },
                "email_address": {
                  "type": "string"
                },
                "suscription_date": {
                  "type": "string"
                },
                "DeliveryCount": {
                  "type": "string"
                },
                "EnqueuedSequenceNumber": {
                  "type": "string"
                },
                "EnqueuedTimeUtc": {
                  "type": "string"
                },
                "ExpiresAtUtc": {
                  "type": "string"
                },
                "LockedUntilUtc": {
                  "type": "string"
                },
                "LockToken": {
                  "type": "string"
                },
                "MessageId": {
                  "type": "string"
                },
                "ScheduledEnqueueTimeUtc": {
                  "type": "string"
                },
                "SequenceNumber": {
                  "type": "string"
                },
                "Size": {
                  "type": "string"
                },
                "State": {
                  "type": "string"
                },
                "TimeToLive": {
                  "type": "string"
                }
              }
            }
          }
        },
        "List_rows": {
          "runAfter": {
            "Select_emails_from_queue": [
              "Succeeded"
            ]
          },
          "metadata": {
            "operationMetadataId": "4eba0bfe-41e0-434e-a09c-fcf8bcf77428"
          },
          "type": "OpenApiConnection",
          "inputs": {
            "host": {
              "connectionName": "shared_commondataserviceforapps",
              "operationId": "ListRecords",
              "apiId": "/providers/Microsoft.PowerApps/apis/shared_commondataserviceforapps"
            },
            "parameters": {
              "entityName": "leads",
              "$select": "emailaddress1"
            },
            "authentication": "@parameters('$authentication')"
          }
        },
        "Select_lead_emails": {
          "runAfter": {
            "List_rows": [
              "Succeeded"
            ]
          },
          "metadata": {
            "operationMetadataId": "f9341b60-8230-44e7-a463-7b1a8e318d22"
          },
          "type": "Select",
          "inputs": {
            "from": "@outputs('List_rows')?['body/value']",
            "select": "@item()?['emailaddress1']"
          }
        },
        "Intersection_to_get_emails_already_inserted": {
          "runAfter": {
            "Select_lead_emails": [
              "Succeeded"
            ]
          },
          "metadata": {
            "operationMetadataId": "8469c6aa-857b-48e6-9a97-2da30030d52d"
          },
          "type": "Compose",
          "inputs": "@intersection(body('Select_emails_from_queue'),body('Select_lead_emails'))"
        },
        "Select_emails_from_queue": {
          "runAfter": {
            "Select_fields_from_queue": [
              "Succeeded"
            ]
          },
          "metadata": {
            "operationMetadataId": "b87aed6f-00ed-46da-9b19-9d33117c7be3"
          },
          "type": "Select",
          "inputs": {
            "from": "@body('Select_fields_from_queue')",
            "select": "@item()?['email_address']"
          }
        },
        "Select_emails_to_insert": {
          "runAfter": {
            "Intersection_to_get_emails_already_inserted": [
              "Succeeded"
            ]
          },
          "metadata": {
            "operationMetadataId": "f2afbcab-7819-4484-8d03-185b91ce9da8"
          },
          "type": "Query",
          "inputs": {
            "from": "@body('Select_emails_from_queue')",
            "where": "@not(contains(outputs('Intersection_to_get_emails_already_inserted'), item()))"
          }
        },
        "Select_items_to_insert": {
          "runAfter": {
            "Select_emails_to_insert": [
              "Succeeded"
            ]
          },
          "metadata": {
            "operationMetadataId": "c5b9aa40-d205-4266-b22b-c27817f86bab"
          },
          "type": "Query",
          "inputs": {
            "from": "@body('Select_fields_from_queue')",
            "where": "@contains(body('Select_emails_to_insert'), item()['email_address'])"
          }
        },
        "Select_fields_from_queue": {
          "runAfter": {
            "Append_to_Arrayvar": [
              "Succeeded"
            ]
          },
          "metadata": {
            "operationMetadataId": "a973d41d-e042-496b-8ac9-ce87ae2036d7"
          },
          "type": "Select",
          "inputs": {
            "from": "@variables('ArrayVar')",
            "select": {
              "newsletter": "@body('Parse_Message_JSON')?['newsletter']",
              "first_name": "@body('Parse_Message_JSON')?['first_name']",
              "last_name": "@body('Parse_Message_JSON')?['last_name']",
              "organization": "@body('Parse_Message_JSON')?['organization']",
              "addresses": "@body('Parse_Message_JSON')?['addresses']",
              "email_address": "@body('Parse_Message_JSON')?['email_address']",
              "suscription_date": "@body('Parse_Message_JSON')?['suscription_date']"
            }
          }
        },
        "ArrayVar": {
          "runAfter": {},
          "metadata": {
            "operationMetadataId": "eb78e630-89b2-4c20-8513-90c67703811e"
          },
          "type": "InitializeVariable",
          "inputs": {
            "variables": [
              {
                "name": "ArrayVar",
                "type": "array",
                "value": []
              }
            ]
          }
        },
        "Append_to_Arrayvar": {
          "runAfter": {
            "Parse_Message_JSON": [
              "Succeeded"
            ]
          },
          "metadata": {
            "operationMetadataId": "b5335291-f0db-460b-9915-38309c2c118b"
          },
          "type": "AppendToArrayVariable",
          "inputs": {
            "name": "ArrayVar",
            "value": "@body('Parse_Message_JSON')"
          }
        },
        "Insert_items_as_lead": {
          "foreach": "@body('Select_items_to_insert')",
          "actions": {
            "Add_a_new_lead_row": {
              "runAfter": {},
              "metadata": {
                "operationMetadataId": "eb1e5341-5cde-4bf0-a5e2-24e8fbb812a7"
              },
              "type": "OpenApiConnection",
              "inputs": {
                "host": {
                  "connectionName": "shared_commondataserviceforapps",
                  "operationId": "CreateRecord",
                  "apiId": "/providers/Microsoft.PowerApps/apis/shared_commondataserviceforapps"
                },
                "parameters": {
                  "entityName": "leads",
                  "item/lastname": "@item()['last_name']",
                  "item/subject": "@item()['newsletter']",
                  "item/companyname": "@item()['organization']",
                  "item/emailaddress1": "@item()['email_address']",
                  "item/firstname": "@item()['first_name']",
                  "item/leadsourcecode": 8
                },
                "authentication": "@parameters('$authentication')"
              }
            }
          },
          "runAfter": {
            "Select_items_to_insert": [
              "Succeeded"
            ]
          },
          "metadata": {
            "operationMetadataId": "9b770b45-c451-462f-b039-2ca064974b88"
          },
          "type": "Foreach"
        }
      }
    },
    "templateName": ""
  },
  "schemaVersion": "1.0.0.0"
}