{
  "properties": {
    "connectionReferences": {
      "shared_commondataserviceforapps_2": {
        "runtimeSource": "embedded",
        "connection": {
          "connectionReferenceLogicalName": "ren_sharedcommondataserviceforapps_53d3b"
        },
        "api": {
          "name": "shared_commondataserviceforapps"
        }
      },
      "shared_commondataservice": {
        "runtimeSource": "invoker",
        "connection": {
          "connectionReferenceLogicalName": "ren_sharedcommondataservice_de000"
        },
        "api": {
          "name": "shared_commondataservice"
        }
      }
    },
    "definition": {
      "$schema": "https://schema.management.azure.com/providers/Microsoft.Logic/schemas/2016-06-01/workflowdefinition.json#",
      "contentVersion": "1.0.0.0",
      "parameters": {
        "$connections": {
          "defaultValue": {},
          "type": "Object"
        },
        "$authentication": {
          "defaultValue": {},
          "type": "SecureObject"
        }
      },
      "triggers": {
        "manual": {
          "splitOn": "@triggerBody()['rows']",
          "metadata": {
            "operationMetadataId": "4db18436-b2a8-4f27-90af-3e4ef12b9cec"
          },
          "type": "Request",
          "kind": "ApiConnection",
          "inputs": {
            "schema": {
              "type": "object",
              "properties": {
                "rows": {
                  "type": "array",
                  "items": {
                    "type": "object",
                    "properties": {
                      "entity": {
                        "type": "object",
                        "properties": {
                          "msnfp_eventtypecode": {
                            "title": "Event Type Value",
                            "type": "integer",
                            "format": "int32"
                          },
                          "ren_meeting_id": {
                            "title": "Meeting_ID",
                            "type": "string"
                          },
                          "msnfp_eventid": {
                            "title": "Event",
                            "type": "string",
                            "format": "guid"
                          }
                        },
                        "required": []
                      }
                    },
                    "required": []
                  }
                }
              },
              "required": []
            },
            "host": {
              "connection": {
                "name": "@parameters('$connections')['shared_commondataservice']['connectionId']"
              }
            },
            "operationId": "GetOnNewItems_V2",
            "parameters": {
              "dataset": "default.cds",
              "table": "msnfp_events"
            }
          }
        }
      },
      "actions": {
        "http_body": {
          "runAfter": {
            "eventId": [
              "Succeeded"
            ]
          },
          "metadata": {
            "operationMetadataId": "d6d7465d-c60d-4a4a-8cf2-bb6b41ac6668"
          },
          "type": "InitializeVariable",
          "inputs": {
            "variables": [
              {
                "name": "http_body",
                "type": "object"
              }
            ]
          }
        },
        "Getting_token": {
          "runAfter": {
            "arrayVar": [
              "Succeeded"
            ]
          },
          "metadata": {
            "operationMetadataId": "869f354d-4307-4382-acf1-be431b2890df"
          },
          "type": "Http",
          "inputs": {
            "method": "POST",
            "uri": "https://zoom.us/oauth/token",
            "headers": {
              "Authorization": "Basic SndXbHNXY2RTZmlGUkhvb3dCMDE3Zzp4Y3pMdjZMUlN1c2J6Z2NXQjlQQnYxTlo1Q0xYNzE5Vg=="
            },
            "queries": {
              "grant_type": "account_credentials",
              "account_id": "jX3wqUSPS_-7fJOZ5Tdg-A"
            }
          }
        },
        "Set_http_body": {
          "runAfter": {
            "Getting_token": [
              "Succeeded"
            ]
          },
          "metadata": {
            "operationMetadataId": "2481c2c2-5cbf-44eb-a6ca-71583a129eb2"
          },
          "type": "SetVariable",
          "inputs": {
            "name": "http_body",
            "value": "@body('Getting_token')"
          }
        },
        "token_value": {
          "runAfter": {
            "Set_http_body": [
              "Succeeded"
            ]
          },
          "metadata": {
            "operationMetadataId": "507a8425-840f-47df-9d3e-136ec1642842"
          },
          "type": "Compose",
          "inputs": "@variables('http_body')['access_token']"
        },
        "Condition": {
          "actions": {
            "Get_updated_meeting": {
              "runAfter": {},
              "metadata": {
                "operationMetadataId": "e6f64eba-46a2-484a-9b38-e53fe31e6d2a"
              },
              "type": "Http",
              "inputs": {
                "method": "GET",
                "uri": "https://api.zoom.us/v2/meetings/@{variables('meetingId')}",
                "headers": {
                  "Authorization": "Bearer @{outputs('token_value')}",
                  "Content-Type": "application/json"
                }
              }
            },
            "compose_updated_meting": {
              "runAfter": {
                "Get_updated_meeting": [
                  "Succeeded"
                ]
              },
              "metadata": {
                "operationMetadataId": "ed5ab33d-0716-4bcd-8a6e-7717e0cbce49"
              },
              "type": "Compose",
              "inputs": "@body('Get_updated_meeting')"
            },
            "Condition_2": {
              "actions": {},
              "runAfter": {
                "compose_updated_meting": [
                  "Succeeded"
                ]
              },
              "else": {
                "actions": {
                  "Update_a_row_2": {
                    "runAfter": {},
                    "metadata": {
                      "operationMetadataId": "15154e38-3c29-4528-90a4-e0ee7b63c32e"
                    },
                    "type": "OpenApiConnection",
                    "inputs": {
                      "host": {
                        "connectionName": "shared_commondataserviceforapps_2",
                        "operationId": "UpdateRecord",
                        "apiId": "/providers/Microsoft.PowerApps/apis/shared_commondataserviceforapps"
                      },
                      "parameters": {
                        "entityName": "msnfp_events",
                        "recordId": "@variables('eventId')",
                        "item/ren_suscriptionlink": "@outputs('compose_updated_meting')['registration_url']"
                      },
                      "authentication": {
                        "type": "Raw",
                        "value": "@json(decodeBase64(triggerOutputs().headers['X-MS-APIM-Tokens']))['$ConnectionKey']"
                      }
                    }
                  }
                }
              },
              "expression": {
                "equals": [
                  "@empty(outputs('compose_updated_meting')['registration_url'])",
                  "@true"
                ]
              },
              "metadata": {
                "operationMetadataId": "82b7c04d-7bfb-4714-85d6-dc4b6ba372b2"
              },
              "type": "If"
            }
          },
          "runAfter": {
            "token_value": [
              "Succeeded"
            ]
          },
          "expression": {
            "equals": [
              "@variables('eventType')",
              910190001
            ]
          },
          "metadata": {
            "operationMetadataId": "189c82fa-4ecb-4992-bbc1-279d4ff96f16"
          },
          "type": "If"
        },
        "arrayVar": {
          "runAfter": {
            "http_body": [
              "Succeeded"
            ]
          },
          "metadata": {
            "operationMetadataId": "1db53718-fbeb-4619-b4e6-f22466b9fc9c"
          },
          "type": "InitializeVariable",
          "inputs": {
            "variables": [
              {
                "name": "arrayVar",
                "type": "array",
                "value": []
              }
            ]
          }
        },
        "eventType": {
          "runAfter": {},
          "metadata": {
            "operationMetadataId": "8ecb8d8e-c17e-4fe9-99ca-b681faec325d"
          },
          "type": "InitializeVariable",
          "inputs": {
            "variables": [
              {
                "name": "eventType",
                "type": "integer",
                "value": "@triggerBody()?['entity']?['msnfp_eventtypecode']"
              }
            ]
          }
        },
        "meetingId": {
          "runAfter": {
            "eventType": [
              "Succeeded"
            ]
          },
          "metadata": {
            "operationMetadataId": "192dcdec-8b8b-495a-956f-c78794c3bce2"
          },
          "type": "InitializeVariable",
          "inputs": {
            "variables": [
              {
                "name": "meetingId",
                "type": "string",
                "value": "@triggerBody()?['entity']?['ren_meeting_id']"
              }
            ]
          }
        },
        "eventId": {
          "runAfter": {
            "meetingId": [
              "Succeeded"
            ]
          },
          "metadata": {
            "operationMetadataId": "59b51a19-5182-4157-a206-e831da3a3052"
          },
          "type": "InitializeVariable",
          "inputs": {
            "variables": [
              {
                "name": "eventId",
                "type": "string",
                "value": "@triggerBody()?['entity']?['msnfp_eventid']"
              }
            ]
          }
        }
      },
      "outputs": {}
    },
    "templateName": ""
  },
  "schemaVersion": "1.0.0.0"
}