{
  "properties": {
    "connectionReferences": {
      "shared_commondataserviceforapps": {
        "runtimeSource": "embedded",
        "connection": {
          "connectionReferenceLogicalName": "ren_sharedcommondataserviceforapps_53d3b"
        },
        "api": {
          "name": "shared_commondataserviceforapps"
        }
      }
    },
    "definition": {
      "$schema": "https://schema.management.azure.com/providers/Microsoft.Logic/schemas/2016-06-01/workflowdefinition.json#",
      "contentVersion": "1.0.0.0",
      "parameters": {
        "$connections": {
          "defaultValue": {},
          "type": "Object"
        },
        "$authentication": {
          "defaultValue": {},
          "type": "SecureObject"
        }
      },
      "triggers": {
        "When_a_Marketing_List_row_is_added": {
          "metadata": {
            "operationMetadataId": "a043b8d3-58a5-4faa-804c-264b2d7ec42a"
          },
          "type": "OpenApiConnectionWebhook",
          "inputs": {
            "host": {
              "connectionName": "shared_commondataserviceforapps",
              "operationId": "SubscribeWebhookTrigger",
              "apiId": "/providers/Microsoft.PowerApps/apis/shared_commondataserviceforapps"
            },
            "parameters": {
              "subscriptionRequest/message": 1,
              "subscriptionRequest/entityname": "list",
              "subscriptionRequest/scope": 4
            },
            "authentication": "@parameters('$authentication')"
          }
        }
      },
      "actions": {
        "MailchimpListId": {
          "runAfter": {},
          "metadata": {
            "operationMetadataId": "27ff47c9-d292-414a-a763-752d02a277ee"
          },
          "type": "InitializeVariable",
          "inputs": {
            "variables": [
              {
                "name": "MailchimpListId",
                "type": "string"
              }
            ]
          }
        },
        "AllListObject": {
          "runAfter": {
            "MailchimpListId": [
              "Succeeded"
            ]
          },
          "metadata": {
            "operationMetadataId": "96b0b3ad-e8f2-438f-9a78-1215be243d34"
          },
          "type": "InitializeVariable",
          "inputs": {
            "variables": [
              {
                "name": "AllListObject",
                "type": "object"
              }
            ]
          }
        },
        "AllListArray": {
          "runAfter": {
            "AllListObject": [
              "Succeeded"
            ]
          },
          "metadata": {
            "operationMetadataId": "af274bb4-d5a9-40ed-8806-adef4abcbd8e"
          },
          "type": "InitializeVariable",
          "inputs": {
            "variables": [
              {
                "name": "AllListArray",
                "type": "array"
              }
            ]
          }
        },
        "ArrayOfIdsAndListNames": {
          "runAfter": {
            "AllListArray": [
              "Succeeded"
            ]
          },
          "metadata": {
            "operationMetadataId": "ee1841a3-ea1f-4482-9f83-78f07e3777d4"
          },
          "type": "InitializeVariable",
          "inputs": {
            "variables": [
              {
                "name": "ArrayOfIdsAndListNames",
                "type": "array"
              }
            ]
          }
        },
        "Check_if_MKList_to_be_Synch": {
          "actions": {
            "Get_all_audiences": {
              "runAfter": {},
              "metadata": {
                "operationMetadataId": "4e324a07-3e3d-416c-9775-67421ea5a5aa"
              },
              "type": "Http",
              "inputs": {
                "method": "GET",
                "uri": "https://us2.api.mailchimp.com/3.0/lists?count=400",
                "headers": {
                  "Authorization": "Bearer 9430628db44d99291dc131cba51a1677-us2",
                  "Content-Type": "application/json"
                }
              }
            },
            "Set_allListObject": {
              "runAfter": {
                "Get_all_audiences": [
                  "Succeeded"
                ]
              },
              "metadata": {
                "operationMetadataId": "ff7c1b5d-961a-471b-a8e7-c659ac05a16d"
              },
              "type": "SetVariable",
              "inputs": {
                "name": "AllListObject",
                "value": "@body('Get_all_audiences')"
              }
            },
            "Set_allListArray": {
              "runAfter": {
                "Set_allListObject": [
                  "Succeeded"
                ]
              },
              "metadata": {
                "operationMetadataId": "15d3700b-62dd-4ca4-b123-83ed38ba9371"
              },
              "type": "SetVariable",
              "inputs": {
                "name": "AllListArray",
                "value": "@variables('AllListObject')['lists']"
              }
            },
            "Parse_JSON_-_mailchimp_lists": {
              "runAfter": {
                "Set_allListArray": [
                  "Succeeded"
                ]
              },
              "metadata": {
                "operationMetadataId": "74d7fac1-02d9-4de2-b731-c8f4144569a3"
              },
              "type": "ParseJson",
              "inputs": {
                "content": "@variables('AllListArray')",
                "schema": {
                  "type": "array",
                  "items": {
                    "type": "object",
                    "properties": {
                      "id": {
                        "type": "string"
                      },
                      "web_id": {
                        "type": "number"
                      },
                      "name": {
                        "type": "string"
                      },
                      "contact": {
                        "type": "object",
                        "properties": {
                          "company": {
                            "type": "string"
                          },
                          "address1": {
                            "type": "string"
                          },
                          "address2": {
                            "type": "string"
                          },
                          "city": {
                            "type": "string"
                          },
                          "state": {
                            "type": "string"
                          },
                          "zip": {
                            "type": "string"
                          },
                          "country": {
                            "type": "string"
                          },
                          "phone": {
                            "type": "string"
                          }
                        }
                      },
                      "permission_reminder": {
                        "type": "string"
                      },
                      "use_archive_bar": {
                        "type": "boolean"
                      },
                      "campaign_defaults": {
                        "type": "object",
                        "properties": {
                          "from_name": {
                            "type": "string"
                          },
                          "from_email": {
                            "type": "string"
                          },
                          "subject": {
                            "type": "string"
                          },
                          "language": {
                            "type": "string"
                          }
                        }
                      },
                      "notify_on_subscribe": {
                        "type": "string"
                      },
                      "notify_on_unsubscribe": {
                        "type": "string"
                      },
                      "date_created": {
                        "type": "string"
                      },
                      "list_rating": {
                        "type": "number"
                      },
                      "email_type_option": {
                        "type": "boolean"
                      },
                      "subscribe_url_short": {
                        "type": "string"
                      },
                      "subscribe_url_long": {
                        "type": "string"
                      },
                      "beamer_address": {
                        "type": "string"
                      },
                      "visibility": {
                        "type": "string"
                      },
                      "double_optin": {
                        "type": "boolean"
                      },
                      "has_welcome": {
                        "type": "boolean"
                      },
                      "marketing_permissions": {
                        "type": "boolean"
                      },
                      "modules": {
                        "type": "array"
                      },
                      "stats": {
                        "type": "object",
                        "properties": {
                          "member_count": {
                            "type": "number"
                          },
                          "unsubscribe_count": {
                            "type": "number"
                          },
                          "cleaned_count": {
                            "type": "number"
                          },
                          "member_count_since_send": {
                            "type": "number"
                          },
                          "unsubscribe_count_since_send": {
                            "type": "number"
                          },
                          "cleaned_count_since_send": {
                            "type": "number"
                          },
                          "campaign_count": {
                            "type": "number"
                          },
                          "campaign_last_sent": {
                            "type": "string"
                          },
                          "merge_field_count": {
                            "type": "number"
                          },
                          "avg_sub_rate": {
                            "type": "number"
                          },
                          "avg_unsub_rate": {
                            "type": "number"
                          },
                          "target_sub_rate": {
                            "type": "number"
                          },
                          "open_rate": {
                            "type": "number"
                          },
                          "click_rate": {
                            "type": "number"
                          },
                          "last_sub_date": {
                            "type": "string"
                          },
                          "last_unsub_date": {
                            "type": "string"
                          }
                        }
                      },
                      "_links": {
                        "type": "array",
                        "items": {
                          "type": "object",
                          "properties": {
                            "rel": {
                              "type": "string"
                            },
                            "href": {
                              "type": "string"
                            },
                            "method": {
                              "type": "string"
                            },
                            "targetSchema": {
                              "type": "string"
                            },
                            "schema": {
                              "type": "string"
                            }
                          },
                          "required": [
                            "rel",
                            "href",
                            "method"
                          ]
                        }
                      }
                    }
                  }
                }
              }
            },
            "Select_Ids_and_names_from_mailchimp_Lists": {
              "runAfter": {
                "Parse_JSON_-_mailchimp_lists": [
                  "Succeeded"
                ]
              },
              "metadata": {
                "operationMetadataId": "59060e35-f1bf-4f63-947f-3c29323231ad"
              },
              "type": "Select",
              "inputs": {
                "from": "@body('Parse_JSON_-_mailchimp_lists')",
                "select": {
                  "listId": "@item()?['id']",
                  "listName": "@item()?['name']"
                }
              }
            },
            "Filter_array_from_select_operation": {
              "runAfter": {
                "Select_Ids_and_names_from_mailchimp_Lists": [
                  "Succeeded"
                ]
              },
              "metadata": {
                "operationMetadataId": "8f3dd6fe-5a5b-47c2-86d6-8436f76d49b6"
              },
              "type": "Query",
              "inputs": {
                "from": "@body('Select_Ids_and_names_from_mailchimp_Lists')",
                "where": "@equals(item()['ListName'], triggerOutputs()?['body/listname'])"
              }
            },
            "Condition_to_check_if_the_list_don't_exist_already": {
              "actions": {
                "New_audience": {
                  "runAfter": {},
                  "metadata": {
                    "operationMetadataId": "3adc8295-1c8e-42f9-a12e-54aa5a27c650"
                  },
                  "type": "Http",
                  "inputs": {
                    "method": "POST",
                    "uri": "https://us2.api.mailchimp.com/3.0/lists",
                    "headers": {
                      "Authorization": "Bearer 9430628db44d99291dc131cba51a1677-us2",
                      "Content-Type": "application/json"
                    },
                    "body": {
                      "name": "@{triggerOutputs()?['body/listname']}",
                      "contact": {
                        "company": "RAS",
                        "address1": "RAS",
                        "city": "RAS",
                        "country": "RAS",
                        "state": "RAS",
                        "zip": "RAS"
                      },
                      "permission_reminder": "RAS",
                      "campaign_defaults": {
                        "from_name": "REN21",
                        "from_email": "secretariat@ren21.net",
                        "subject": "@{triggerOutputs()?['body/listname']}",
                        "language": "EN"
                      },
                      "email_type_option": true
                    }
                  }
                },
                "Set_mailchimpListId": {
                  "runAfter": {
                    "New_audience": [
                      "Succeeded"
                    ]
                  },
                  "metadata": {
                    "operationMetadataId": "e8d89ffb-d13e-42ba-a53a-69e711b3df19"
                  },
                  "type": "SetVariable",
                  "inputs": {
                    "name": "MailchimpListId",
                    "value": "@{body('New_audience')['id']}"
                  }
                },
                "Update_a_row": {
                  "runAfter": {
                    "Set_mailchimpListId": [
                      "Succeeded"
                    ]
                  },
                  "metadata": {
                    "operationMetadataId": "4c7fe2fb-225f-4d95-809c-ce851ea48162"
                  },
                  "type": "OpenApiConnection",
                  "inputs": {
                    "host": {
                      "connectionName": "shared_commondataserviceforapps",
                      "operationId": "UpdateRecord",
                      "apiId": "/providers/Microsoft.PowerApps/apis/shared_commondataserviceforapps"
                    },
                    "parameters": {
                      "entityName": "lists",
                      "recordId": "@triggerOutputs()?['body/listid']",
                      "item/ren_marketinglistid": "@variables('MailchimpListId')"
                    },
                    "authentication": "@parameters('$authentication')"
                  }
                }
              },
              "runAfter": {
                "Filter_array_from_select_operation": [
                  "Succeeded"
                ]
              },
              "expression": {
                "equals": [
                  "@empty(body('Filter_array_from_select_operation'))",
                  "@true"
                ]
              },
              "metadata": {
                "operationMetadataId": "89f0df48-fa54-43de-86d8-434f1dc72ad2"
              },
              "type": "If"
            }
          },
          "runAfter": {
            "ArrayOfIdsAndListNames": [
              "Succeeded"
            ]
          },
          "expression": {
            "equals": [
              "@triggerOutputs()?['body/ren_synchronizewithmailchimp']",
              "@true"
            ]
          },
          "metadata": {
            "operationMetadataId": "4724f3c2-fd37-4d39-ac2b-c87cfc94f918"
          },
          "type": "If"
        }
      },
      "outputs": {}
    },
    "templateName": ""
  },
  "schemaVersion": "1.0.0.0"
}