{
  "properties": {
    "connectionReferences": {
      "shared_commondataserviceforapps": {
        "runtimeSource": "embedded",
        "connection": {
          "connectionReferenceLogicalName": "ren_sharedcommondataserviceforapps_53d3b"
        },
        "api": {
          "name": "shared_commondataserviceforapps"
        }
      },
      "shared_commondataservice": {
        "runtimeSource": "invoker",
        "connection": {
          "connectionReferenceLogicalName": "ren_sharedcommondataservice_de000"
        },
        "api": {
          "name": "shared_commondataservice"
        }
      }
    },
    "definition": {
      "$schema": "https://schema.management.azure.com/providers/Microsoft.Logic/schemas/2016-06-01/workflowdefinition.json#",
      "contentVersion": "1.0.0.0",
      "parameters": {
        "$connections": {
          "defaultValue": {},
          "type": "Object"
        },
        "$authentication": {
          "defaultValue": {},
          "type": "SecureObject"
        }
      },
      "triggers": {
        "manual": {
          "splitOn": "@triggerBody()['rows']",
          "metadata": {
            "operationMetadataId": "cb826b5e-9b03-46bf-bbe1-0ecb1918661b"
          },
          "type": "Request",
          "kind": "ApiConnection",
          "inputs": {
            "schema": {
              "type": "object",
              "properties": {
                "rows": {
                  "type": "array",
                  "items": {
                    "type": "object",
                    "properties": {
                      "entity": {
                        "type": "object",
                        "properties": {
                          "msnfp_eventid": {
                            "title": "Event",
                            "type": "string",
                            "format": "guid"
                          }
                        },
                        "required": []
                      }
                    },
                    "required": []
                  }
                }
              },
              "required": []
            },
            "host": {
              "connection": {
                "name": "@parameters('$connections')['shared_commondataservice']['connectionId']"
              }
            },
            "operationId": "GetOnNewItems_V2",
            "parameters": {
              "dataset": "default.cds",
              "table": "msnfp_events"
            }
          }
        }
      },
      "actions": {
        "List_Regsitration_rows": {
          "runAfter": {
            "temp": [
              "Succeeded"
            ]
          },
          "metadata": {
            "operationMetadataId": "aab6f930-341f-43c8-817a-bd01b73ec33e"
          },
          "type": "OpenApiConnection",
          "inputs": {
            "host": {
              "connectionName": "shared_commondataserviceforapps",
              "operationId": "ListRecords",
              "apiId": "/providers/Microsoft.PowerApps/apis/shared_commondataserviceforapps"
            },
            "parameters": {
              "entityName": "ren_registrants",
              "$filter": "_ren_event_value eq @{variables('EventId')}"
            },
            "authentication": {
              "type": "Raw",
              "value": "@json(decodeBase64(triggerOutputs().headers['X-MS-APIM-Tokens']))['$ConnectionKey']"
            }
          }
        },
        "Parse_registrant": {
          "runAfter": {
            "List_Regsitration_rows": [
              "Succeeded"
            ]
          },
          "metadata": {
            "operationMetadataId": "d4eb5adc-ce95-477c-ba57-f18d08827680"
          },
          "type": "ParseJson",
          "inputs": {
            "content": "@outputs('List_Regsitration_rows')?['body/value']",
            "schema": {
              "type": "array",
              "items": {
                "type": "object",
                "properties": {
                  "@@odata.type": {
                    "type": "string"
                  },
                  "@@odata.id": {
                    "type": "string"
                  },
                  "@@odata.etag": {
                    "type": "string"
                  },
                  "@@odata.editLink": {
                    "type": "string"
                  },
                  "_ren_event_value@OData.Community.Display.V1.FormattedValue": {
                    "type": "string"
                  },
                  "_ren_event_value@Microsoft.Dynamics.CRM.associatednavigationproperty": {
                    "type": "string"
                  },
                  "_ren_event_value@Microsoft.Dynamics.CRM.lookuplogicalname": {
                    "type": "string"
                  },
                  "_ren_event_value@odata.type": {
                    "type": "string"
                  },
                  "_ren_event_value": {
                    "type": "string"
                  },
                  "_ren_contact_value@OData.Community.Display.V1.FormattedValue": {
                    "type": "string"
                  },
                  "_ren_contact_value@Microsoft.Dynamics.CRM.associatednavigationproperty": {
                    "type": "string"
                  },
                  "_ren_contact_value@Microsoft.Dynamics.CRM.lookuplogicalname": {
                    "type": "string"
                  },
                  "_ren_contact_value@odata.type": {
                    "type": "string"
                  },
                  "_ren_contact_value": {
                    "type": "string"
                  },
                  "ren_name": {
                    "type": "string"
                  },
                  "ren_date@OData.Community.Display.V1.FormattedValue": {
                    "type": "string"
                  },
                  "ren_date@odata.type": {
                    "type": "string"
                  },
                  "ren_date": {
                    "type": "string"
                  },
                  "_owningbusinessunit_value@OData.Community.Display.V1.FormattedValue": {
                    "type": "string"
                  },
                  "_owningbusinessunit_value@Microsoft.Dynamics.CRM.associatednavigationproperty": {
                    "type": "string"
                  },
                  "_owningbusinessunit_value@Microsoft.Dynamics.CRM.lookuplogicalname": {
                    "type": "string"
                  },
                  "_owningbusinessunit_value@odata.type": {
                    "type": "string"
                  },
                  "_owningbusinessunit_value": {
                    "type": "string"
                  },
                  "statecode@OData.Community.Display.V1.FormattedValue": {
                    "type": "string"
                  },
                  "statecode": {
                    "type": "integer"
                  },
                  "statuscode@OData.Community.Display.V1.FormattedValue": {
                    "type": "string"
                  },
                  "statuscode": {
                    "type": "integer"
                  },
                  "_createdby_value@OData.Community.Display.V1.FormattedValue": {
                    "type": "string"
                  },
                  "_createdby_value@Microsoft.Dynamics.CRM.lookuplogicalname": {
                    "type": "string"
                  },
                  "_createdby_value@odata.type": {
                    "type": "string"
                  },
                  "_createdby_value": {
                    "type": "string"
                  },
                  "createdon@OData.Community.Display.V1.FormattedValue": {
                    "type": "string"
                  },
                  "createdon@odata.type": {
                    "type": "string"
                  },
                  "createdon": {
                    "type": "string"
                  },
                  "timezoneruleversionnumber@OData.Community.Display.V1.FormattedValue": {
                    "type": "string"
                  },
                  "timezoneruleversionnumber": {
                    "type": "integer"
                  },
                  "_ownerid_value@OData.Community.Display.V1.FormattedValue": {
                    "type": "string"
                  },
                  "_ownerid_value@Microsoft.Dynamics.CRM.associatednavigationproperty": {
                    "type": "string"
                  },
                  "_ownerid_value@Microsoft.Dynamics.CRM.lookuplogicalname": {
                    "type": "string"
                  },
                  "_ownerid_value@odata.type": {
                    "type": "string"
                  },
                  "_ownerid_value": {
                    "type": "string"
                  },
                  "ren_registrantid@odata.type": {
                    "type": "string"
                  },
                  "ren_registrantid": {
                    "type": "string"
                  },
                  "_owninguser_value@Microsoft.Dynamics.CRM.lookuplogicalname": {
                    "type": "string"
                  },
                  "_owninguser_value@odata.type": {
                    "type": "string"
                  },
                  "_owninguser_value": {
                    "type": "string"
                  },
                  "_modifiedby_value@OData.Community.Display.V1.FormattedValue": {
                    "type": "string"
                  },
                  "_modifiedby_value@Microsoft.Dynamics.CRM.lookuplogicalname": {
                    "type": "string"
                  },
                  "_modifiedby_value@odata.type": {
                    "type": "string"
                  },
                  "_modifiedby_value": {
                    "type": "string"
                  },
                  "versionnumber@OData.Community.Display.V1.FormattedValue": {
                    "type": "string"
                  },
                  "versionnumber@odata.type": {
                    "type": "string"
                  },
                  "versionnumber": {
                    "type": "integer"
                  },
                  "_ren_constituentorganization_value@OData.Community.Display.V1.FormattedValue": {
                    "type": "string"
                  },
                  "_ren_constituentorganization_value@Microsoft.Dynamics.CRM.associatednavigationproperty": {
                    "type": "string"
                  },
                  "_ren_constituentorganization_value@Microsoft.Dynamics.CRM.lookuplogicalname": {
                    "type": "string"
                  },
                  "_ren_constituentorganization_value@odata.type": {
                    "type": "string"
                  },
                  "_ren_constituentorganization_value": {
                    "type": "string"
                  },
                  "modifiedon@OData.Community.Display.V1.FormattedValue": {
                    "type": "string"
                  },
                  "modifiedon@odata.type": {
                    "type": "string"
                  },
                  "modifiedon": {
                    "type": "string"
                  },
                  "ren_Event@odata.associationLink": {
                    "type": "string"
                  },
                  "ren_Event@odata.navigationLink": {
                    "type": "string"
                  },
                  "ren_Contact@odata.associationLink": {
                    "type": "string"
                  },
                  "ren_Contact@odata.navigationLink": {
                    "type": "string"
                  },
                  "owningbusinessunit@odata.associationLink": {
                    "type": "string"
                  },
                  "owningbusinessunit@odata.navigationLink": {
                    "type": "string"
                  },
                  "ownerid@odata.associationLink": {
                    "type": "string"
                  },
                  "ownerid@odata.navigationLink": {
                    "type": "string"
                  },
                  "ren_ConstituentOrganization@odata.associationLink": {
                    "type": "string"
                  },
                  "ren_ConstituentOrganization@odata.navigationLink": {
                    "type": "string"
                  },
                  "createdby@odata.associationLink": {
                    "type": "string"
                  },
                  "createdby@odata.navigationLink": {
                    "type": "string"
                  },
                  "createdonbehalfby@odata.associationLink": {
                    "type": "string"
                  },
                  "createdonbehalfby@odata.navigationLink": {
                    "type": "string"
                  },
                  "modifiedby@odata.associationLink": {
                    "type": "string"
                  },
                  "modifiedby@odata.navigationLink": {
                    "type": "string"
                  },
                  "modifiedonbehalfby@odata.associationLink": {
                    "type": "string"
                  },
                  "modifiedonbehalfby@odata.navigationLink": {
                    "type": "string"
                  },
                  "owninguser@odata.associationLink": {
                    "type": "string"
                  },
                  "owninguser@odata.navigationLink": {
                    "type": "string"
                  },
                  "owningteam@odata.associationLink": {
                    "type": "string"
                  },
                  "owningteam@odata.navigationLink": {
                    "type": "string"
                  },
                  "ren_registrant_SyncErrors@odata.associationLink": {
                    "type": "string"
                  },
                  "ren_registrant_SyncErrors@odata.navigationLink": {
                    "type": "string"
                  },
                  "ren_registrant_DuplicateMatchingRecord@odata.associationLink": {
                    "type": "string"
                  },
                  "ren_registrant_DuplicateMatchingRecord@odata.navigationLink": {
                    "type": "string"
                  },
                  "ren_registrant_DuplicateBaseRecord@odata.associationLink": {
                    "type": "string"
                  },
                  "ren_registrant_DuplicateBaseRecord@odata.navigationLink": {
                    "type": "string"
                  },
                  "ren_registrant_AsyncOperations@odata.associationLink": {
                    "type": "string"
                  },
                  "ren_registrant_AsyncOperations@odata.navigationLink": {
                    "type": "string"
                  },
                  "ren_registrant_MailboxTrackingFolders@odata.associationLink": {
                    "type": "string"
                  },
                  "ren_registrant_MailboxTrackingFolders@odata.navigationLink": {
                    "type": "string"
                  },
                  "ren_registrant_UserEntityInstanceDatas@odata.associationLink": {
                    "type": "string"
                  },
                  "ren_registrant_UserEntityInstanceDatas@odata.navigationLink": {
                    "type": "string"
                  },
                  "ren_registrant_ProcessSession@odata.associationLink": {
                    "type": "string"
                  },
                  "ren_registrant_ProcessSession@odata.navigationLink": {
                    "type": "string"
                  },
                  "ren_registrant_BulkDeleteFailures@odata.associationLink": {
                    "type": "string"
                  },
                  "ren_registrant_BulkDeleteFailures@odata.navigationLink": {
                    "type": "string"
                  },
                  "ren_registrant_PrincipalObjectAttributeAccesses@odata.associationLink": {
                    "type": "string"
                  },
                  "ren_registrant_PrincipalObjectAttributeAccesses@odata.navigationLink": {
                    "type": "string"
                  },
                  "ren_email": {
                    "type": "string"
                  },
                  "ren_firstname": {
                    "type": "string"
                  },
                  "ren_lastname": {
                    "type": "string"
                  }
                }
              }
            }
          }
        },
        "Select_registrant_fields": {
          "runAfter": {
            "Parse_registrant": [
              "Succeeded"
            ]
          },
          "metadata": {
            "operationMetadataId": "d6bc0921-0574-4943-85da-96f1b94cde33"
          },
          "type": "Select",
          "inputs": {
            "from": "@body('Parse_registrant')",
            "select": {
              "organization": "@item()?['_ren_constituentorganization_value@OData.Community.Display.V1.FormattedValue']",
              "date": "@item()?['ren_date@OData.Community.Display.V1.FormattedValue']",
              "event": "@item()?['_ren_event_value@OData.Community.Display.V1.FormattedValue']",
              "contact": "@item()?['_ren_contact_value@OData.Community.Display.V1.FormattedValue']",
              "fistname": "@item()?['ren_firstname']",
              "lastname": "@item()?['ren_lastname']",
              "email": "@item()?['ren_email']",
              "contactid": "@item()?['_ren_contact_value']"
            }
          }
        },
        "Select_registrant_emails": {
          "runAfter": {
            "Registrants_emails_where_contact_is_null": [
              "Succeeded"
            ]
          },
          "metadata": {
            "operationMetadataId": "967f25fd-bb1c-432b-ba28-2a9c380ab8e1"
          },
          "type": "Select",
          "inputs": {
            "from": "@body('Select_registrant_fields')",
            "select": "@item()?['email']"
          }
        },
        "Remove_duplicate_registrant_emails": {
          "runAfter": {
            "Remove_null_registrant_emails": [
              "Succeeded"
            ]
          },
          "metadata": {
            "operationMetadataId": "191135eb-8ca9-44e1-a182-f7d0e56b7476"
          },
          "type": "Compose",
          "inputs": "@union(body('Remove_null_registrant_emails'),body('Remove_null_registrant_emails'))"
        },
        "Remove_null_registrant_emails": {
          "runAfter": {
            "Final_registrant_emails": [
              "Succeeded"
            ]
          },
          "metadata": {
            "operationMetadataId": "347f5160-4af0-4e8e-81b2-70481ee01ebf"
          },
          "type": "Query",
          "inputs": {
            "from": "@outputs('Final_registrant_emails')",
            "where": "@equals(empty(item()), false)"
          }
        },
        "List_participation_rows": {
          "runAfter": {
            "Remove_duplicate_registrant_emails": [
              "Succeeded"
            ]
          },
          "metadata": {
            "operationMetadataId": "284490c6-48c3-4251-a1b2-8f8d8ba590be"
          },
          "type": "OpenApiConnection",
          "inputs": {
            "host": {
              "connectionName": "shared_commondataserviceforapps",
              "operationId": "ListRecords",
              "apiId": "/providers/Microsoft.PowerApps/apis/shared_commondataserviceforapps"
            },
            "parameters": {
              "entityName": "ren_participations",
              "$filter": "_ren_event_value eq '@{variables('EventId')}'"
            },
            "authentication": {
              "type": "Raw",
              "value": "@json(decodeBase64(triggerOutputs().headers['X-MS-APIM-Tokens']))['$ConnectionKey']"
            }
          }
        },
        "Parse_participants": {
          "runAfter": {
            "List_participation_rows": [
              "Succeeded"
            ]
          },
          "metadata": {
            "operationMetadataId": "ba432eca-fa3b-487a-8c34-9ee8aa507684"
          },
          "type": "ParseJson",
          "inputs": {
            "content": "@outputs('List_participation_rows')?['body/value']",
            "schema": {
              "type": "array",
              "items": {
                "type": "object",
                "properties": {
                  "@@odata.type": {
                    "type": "string"
                  },
                  "@@odata.id": {
                    "type": "string"
                  },
                  "@@odata.etag": {
                    "type": "string"
                  },
                  "@@odata.editLink": {
                    "type": "string"
                  },
                  "_ren_event_value@OData.Community.Display.V1.FormattedValue": {
                    "type": "string"
                  },
                  "_ren_event_value@Microsoft.Dynamics.CRM.associatednavigationproperty": {
                    "type": "string"
                  },
                  "_ren_event_value@Microsoft.Dynamics.CRM.lookuplogicalname": {
                    "type": "string"
                  },
                  "_ren_event_value@odata.type": {
                    "type": "string"
                  },
                  "_ren_event_value": {
                    "type": "string"
                  },
                  "ren_name": {
                    "type": "string"
                  },
                  "ren_participationid@odata.type": {
                    "type": "string"
                  },
                  "ren_participationid": {
                    "type": "string"
                  },
                  "_owningbusinessunit_value@OData.Community.Display.V1.FormattedValue": {
                    "type": "string"
                  },
                  "_owningbusinessunit_value@Microsoft.Dynamics.CRM.associatednavigationproperty": {
                    "type": "string"
                  },
                  "_owningbusinessunit_value@Microsoft.Dynamics.CRM.lookuplogicalname": {
                    "type": "string"
                  },
                  "_owningbusinessunit_value@odata.type": {
                    "type": "string"
                  },
                  "_owningbusinessunit_value": {
                    "type": "string"
                  },
                  "statecode@OData.Community.Display.V1.FormattedValue": {
                    "type": "string"
                  },
                  "statecode": {
                    "type": "integer"
                  },
                  "statuscode@OData.Community.Display.V1.FormattedValue": {
                    "type": "string"
                  },
                  "statuscode": {
                    "type": "integer"
                  },
                  "_createdby_value@OData.Community.Display.V1.FormattedValue": {
                    "type": "string"
                  },
                  "_createdby_value@Microsoft.Dynamics.CRM.lookuplogicalname": {
                    "type": "string"
                  },
                  "_createdby_value@odata.type": {
                    "type": "string"
                  },
                  "_createdby_value": {
                    "type": "string"
                  },
                  "createdon@OData.Community.Display.V1.FormattedValue": {
                    "type": "string"
                  },
                  "createdon@odata.type": {
                    "type": "string"
                  },
                  "createdon": {
                    "type": "string"
                  },
                  "ren_lastname": {
                    "type": "string"
                  },
                  "ren_email": {
                    "type": "string"
                  },
                  "_owninguser_value@Microsoft.Dynamics.CRM.lookuplogicalname": {
                    "type": "string"
                  },
                  "_owninguser_value@odata.type": {
                    "type": "string"
                  },
                  "_owninguser_value": {
                    "type": "string"
                  },
                  "_modifiedby_value@OData.Community.Display.V1.FormattedValue": {
                    "type": "string"
                  },
                  "_modifiedby_value@Microsoft.Dynamics.CRM.lookuplogicalname": {
                    "type": "string"
                  },
                  "_modifiedby_value@odata.type": {
                    "type": "string"
                  },
                  "_modifiedby_value": {
                    "type": "string"
                  },
                  "versionnumber@OData.Community.Display.V1.FormattedValue": {
                    "type": "string"
                  },
                  "versionnumber@odata.type": {
                    "type": "string"
                  },
                  "versionnumber": {
                    "type": "integer"
                  },
                  "modifiedon@OData.Community.Display.V1.FormattedValue": {
                    "type": "string"
                  },
                  "modifiedon@odata.type": {
                    "type": "string"
                  },
                  "modifiedon": {
                    "type": "string"
                  },
                  "_ownerid_value@OData.Community.Display.V1.FormattedValue": {
                    "type": "string"
                  },
                  "_ownerid_value@Microsoft.Dynamics.CRM.associatednavigationproperty": {
                    "type": "string"
                  },
                  "_ownerid_value@Microsoft.Dynamics.CRM.lookuplogicalname": {
                    "type": "string"
                  },
                  "_ownerid_value@odata.type": {
                    "type": "string"
                  },
                  "_ownerid_value": {
                    "type": "string"
                  },
                  "ren_firstname": {
                    "type": "string"
                  },
                  "ren_Event@odata.associationLink": {
                    "type": "string"
                  },
                  "ren_Event@odata.navigationLink": {
                    "type": "string"
                  },
                  "owningbusinessunit@odata.associationLink": {
                    "type": "string"
                  },
                  "owningbusinessunit@odata.navigationLink": {
                    "type": "string"
                  },
                  "ownerid@odata.associationLink": {
                    "type": "string"
                  },
                  "ownerid@odata.navigationLink": {
                    "type": "string"
                  },
                  "createdby@odata.associationLink": {
                    "type": "string"
                  },
                  "createdby@odata.navigationLink": {
                    "type": "string"
                  },
                  "createdonbehalfby@odata.associationLink": {
                    "type": "string"
                  },
                  "createdonbehalfby@odata.navigationLink": {
                    "type": "string"
                  },
                  "modifiedby@odata.associationLink": {
                    "type": "string"
                  },
                  "modifiedby@odata.navigationLink": {
                    "type": "string"
                  },
                  "modifiedonbehalfby@odata.associationLink": {
                    "type": "string"
                  },
                  "modifiedonbehalfby@odata.navigationLink": {
                    "type": "string"
                  },
                  "owninguser@odata.associationLink": {
                    "type": "string"
                  },
                  "owninguser@odata.navigationLink": {
                    "type": "string"
                  },
                  "owningteam@odata.associationLink": {
                    "type": "string"
                  },
                  "owningteam@odata.navigationLink": {
                    "type": "string"
                  },
                  "ren_participation_SyncErrors@odata.associationLink": {
                    "type": "string"
                  },
                  "ren_participation_SyncErrors@odata.navigationLink": {
                    "type": "string"
                  },
                  "ren_participation_DuplicateMatchingRecord@odata.associationLink": {
                    "type": "string"
                  },
                  "ren_participation_DuplicateMatchingRecord@odata.navigationLink": {
                    "type": "string"
                  },
                  "ren_participation_DuplicateBaseRecord@odata.associationLink": {
                    "type": "string"
                  },
                  "ren_participation_DuplicateBaseRecord@odata.navigationLink": {
                    "type": "string"
                  },
                  "ren_participation_AsyncOperations@odata.associationLink": {
                    "type": "string"
                  },
                  "ren_participation_AsyncOperations@odata.navigationLink": {
                    "type": "string"
                  },
                  "ren_participation_MailboxTrackingFolders@odata.associationLink": {
                    "type": "string"
                  },
                  "ren_participation_MailboxTrackingFolders@odata.navigationLink": {
                    "type": "string"
                  },
                  "ren_participation_UserEntityInstanceDatas@odata.associationLink": {
                    "type": "string"
                  },
                  "ren_participation_UserEntityInstanceDatas@odata.navigationLink": {
                    "type": "string"
                  },
                  "ren_participation_ProcessSession@odata.associationLink": {
                    "type": "string"
                  },
                  "ren_participation_ProcessSession@odata.navigationLink": {
                    "type": "string"
                  },
                  "ren_participation_BulkDeleteFailures@odata.associationLink": {
                    "type": "string"
                  },
                  "ren_participation_BulkDeleteFailures@odata.navigationLink": {
                    "type": "string"
                  },
                  "ren_participation_PrincipalObjectAttributeAccesses@odata.associationLink": {
                    "type": "string"
                  },
                  "ren_participation_PrincipalObjectAttributeAccesses@odata.navigationLink": {
                    "type": "string"
                  },
                  "ren_ConstituentOrganization@odata.associationLink": {
                    "type": "string"
                  },
                  "ren_ConstituentOrganization@odata.navigationLink": {
                    "type": "string"
                  },
                  "ren_Contact@odata.associationLink": {
                    "type": "string"
                  },
                  "ren_Contact@odata.navigationLink": {
                    "type": "string"
                  },
                  "ren_Coveredtopic@odata.associationLink": {
                    "type": "string"
                  },
                  "ren_Coveredtopic@odata.navigationLink": {
                    "type": "string"
                  },
                  "_ren_contact_value@OData.Community.Display.V1.FormattedValue": {
                    "type": "string"
                  },
                  "_ren_contact_value@Microsoft.Dynamics.CRM.associatednavigationproperty": {
                    "type": "string"
                  },
                  "_ren_contact_value@Microsoft.Dynamics.CRM.lookuplogicalname": {
                    "type": "string"
                  },
                  "_ren_contact_value@odata.type": {
                    "type": "string"
                  },
                  "_ren_contact_value": {
                    "type": "string"
                  },
                  "ren_speakingrole@OData.Community.Display.V1.FormattedValue": {
                    "type": "string"
                  },
                  "ren_speakingrole": {
                    "type": "integer"
                  },
                  "ren_date@OData.Community.Display.V1.FormattedValue": {
                    "type": "string"
                  },
                  "ren_date@odata.type": {
                    "type": "string"
                  },
                  "ren_date": {
                    "type": "string"
                  },
                  "ren_primaryrole@OData.Community.Display.V1.FormattedValue": {
                    "type": "string"
                  },
                  "ren_primaryrole": {
                    "type": "integer"
                  },
                  "_ren_constituentorganization_value@OData.Community.Display.V1.FormattedValue": {
                    "type": "string"
                  },
                  "_ren_constituentorganization_value@Microsoft.Dynamics.CRM.associatednavigationproperty": {
                    "type": "string"
                  },
                  "_ren_constituentorganization_value@Microsoft.Dynamics.CRM.lookuplogicalname": {
                    "type": "string"
                  },
                  "_ren_constituentorganization_value@odata.type": {
                    "type": "string"
                  },
                  "_ren_constituentorganization_value": {
                    "type": "string"
                  },
                  "timezoneruleversionnumber@OData.Community.Display.V1.FormattedValue": {
                    "type": "string"
                  },
                  "timezoneruleversionnumber": {
                    "type": "integer"
                  },
                  "ren_goal": {
                    "type": "string"
                  },
                  "_ren_coveredtopic_value@OData.Community.Display.V1.FormattedValue": {
                    "type": "string"
                  },
                  "_ren_coveredtopic_value@Microsoft.Dynamics.CRM.associatednavigationproperty": {
                    "type": "string"
                  },
                  "_ren_coveredtopic_value@Microsoft.Dynamics.CRM.lookuplogicalname": {
                    "type": "string"
                  },
                  "_ren_coveredtopic_value@odata.type": {
                    "type": "string"
                  },
                  "_ren_coveredtopic_value": {
                    "type": "string"
                  }
                }
              }
            }
          }
        },
        "Select_participant_fields": {
          "runAfter": {
            "Parse_participants": [
              "Succeeded"
            ]
          },
          "metadata": {
            "operationMetadataId": "22b66515-0f9b-4f6d-9048-a1d6c515c51d"
          },
          "type": "Select",
          "inputs": {
            "from": "@body('Parse_participants')",
            "select": {
              "organization": "@item()?['_ren_constituentorganization_value@OData.Community.Display.V1.FormattedValue']",
              "date": "@item()?['ren_date@OData.Community.Display.V1.FormattedValue']",
              "event": "@item()?['_ren_event_value@OData.Community.Display.V1.FormattedValue']",
              "contact": "@item()?['_ren_contact_value@OData.Community.Display.V1.FormattedValue']",
              "fistname": "@item()?['ren_firstname']",
              "lastname": "@item()?['ren_lastname']",
              "email": "@item()?['ren_email']",
              "primaryrole": "@item()?['ren_speakingrole@OData.Community.Display.V1.FormattedValue']",
              "speakingrole": "@item()?['ren_speakingrole']",
              "coveredtopic": "@item()?['_ren_coveredtopic_value@OData.Community.Display.V1.FormattedValue']",
              "goal": "@item()?['ren_goal']",
              "contactid": "@item()?['_ren_contact_value']"
            }
          }
        },
        "Select_participant_emails": {
          "runAfter": {
            "Participants_emails_where_contact_is_null": [
              "Succeeded"
            ]
          },
          "metadata": {
            "operationMetadataId": "61860c77-b5cb-436c-9bf7-20b8899cf950"
          },
          "type": "Select",
          "inputs": {
            "from": "@body('Select_participant_fields')",
            "select": "@item()?['email']"
          }
        },
        "Remove_null_participant_emails": {
          "runAfter": {
            "Final_participant_emails": [
              "Succeeded"
            ]
          },
          "metadata": {
            "operationMetadataId": "1e2adf69-7c16-4fd8-b397-ab7b99db1686"
          },
          "type": "Query",
          "inputs": {
            "from": "@outputs('Final_participant_emails')",
            "where": "@equals(empty(item()), false)"
          }
        },
        "Remove_duplicate_participant_emails": {
          "runAfter": {
            "Remove_null_participant_emails": [
              "Succeeded"
            ]
          },
          "metadata": {
            "operationMetadataId": "61c89249-c1f9-4fba-a5f7-16fff1fb8666"
          },
          "type": "Compose",
          "inputs": "@union(body('Remove_null_participant_emails'),body('Remove_null_participant_emails'))"
        },
        "List_registrant_participant_rows": {
          "runAfter": {
            "Remove_duplicate_participant_emails": [
              "Succeeded"
            ]
          },
          "metadata": {
            "operationMetadataId": "33b5322b-27c6-4f32-b11f-628ad7e3acab"
          },
          "type": "OpenApiConnection",
          "inputs": {
            "host": {
              "connectionName": "shared_commondataserviceforapps",
              "operationId": "ListRecords",
              "apiId": "/providers/Microsoft.PowerApps/apis/shared_commondataserviceforapps"
            },
            "parameters": {
              "entityName": "ren_registrationparticipations",
              "$filter": "_ren_event_value eq '@{variables('EventId')}'"
            },
            "authentication": {
              "type": "Raw",
              "value": "@json(decodeBase64(triggerOutputs().headers['X-MS-APIM-Tokens']))['$ConnectionKey']"
            }
          }
        },
        "Parse_reg_part_rows": {
          "runAfter": {
            "List_registrant_participant_rows": [
              "Succeeded"
            ]
          },
          "metadata": {
            "operationMetadataId": "543ebe63-bf51-4d88-8efc-dd9da2f0e4f3"
          },
          "type": "ParseJson",
          "inputs": {
            "content": "@outputs('List_registrant_participant_rows')?['body/value']",
            "schema": {
              "type": "array",
              "items": {
                "type": "object",
                "properties": {
                  "@@odata.type": {
                    "type": "string"
                  },
                  "@@odata.id": {
                    "type": "string"
                  },
                  "@@odata.etag": {
                    "type": "string"
                  },
                  "@@odata.editLink": {
                    "type": "string"
                  },
                  "statecode@OData.Community.Display.V1.FormattedValue": {
                    "type": "string"
                  },
                  "statecode": {
                    "type": "integer"
                  },
                  "ren_firstname": {
                    "type": "string"
                  },
                  "ren_primaryrole": {
                    "type": "string"
                  },
                  "statuscode@OData.Community.Display.V1.FormattedValue": {
                    "type": "string"
                  },
                  "statuscode": {
                    "type": "integer"
                  },
                  "createdon@OData.Community.Display.V1.FormattedValue": {
                    "type": "string"
                  },
                  "createdon@odata.type": {
                    "type": "string"
                  },
                  "createdon": {
                    "type": "string"
                  },
                  "_ren_event_value@OData.Community.Display.V1.FormattedValue": {
                    "type": "string"
                  },
                  "_ren_event_value@Microsoft.Dynamics.CRM.associatednavigationproperty": {
                    "type": "string"
                  },
                  "_ren_event_value@Microsoft.Dynamics.CRM.lookuplogicalname": {
                    "type": "string"
                  },
                  "_ren_event_value@odata.type": {
                    "type": "string"
                  },
                  "_ren_event_value": {
                    "type": "string"
                  },
                  "ren_lastname": {
                    "type": "string"
                  },
                  "_ownerid_value@OData.Community.Display.V1.FormattedValue": {
                    "type": "string"
                  },
                  "_ownerid_value@Microsoft.Dynamics.CRM.associatednavigationproperty": {
                    "type": "string"
                  },
                  "_ownerid_value@Microsoft.Dynamics.CRM.lookuplogicalname": {
                    "type": "string"
                  },
                  "_ownerid_value@odata.type": {
                    "type": "string"
                  },
                  "_ownerid_value": {
                    "type": "string"
                  },
                  "modifiedon@OData.Community.Display.V1.FormattedValue": {
                    "type": "string"
                  },
                  "modifiedon@odata.type": {
                    "type": "string"
                  },
                  "modifiedon": {
                    "type": "string"
                  },
                  "ren_email": {
                    "type": "string"
                  },
                  "ren_goal": {
                    "type": "string"
                  },
                  "versionnumber@OData.Community.Display.V1.FormattedValue": {
                    "type": "string"
                  },
                  "versionnumber@odata.type": {
                    "type": "string"
                  },
                  "versionnumber": {
                    "type": "integer"
                  },
                  "_ren_constituentorganization_value@OData.Community.Display.V1.FormattedValue": {
                    "type": "string"
                  },
                  "_ren_constituentorganization_value@Microsoft.Dynamics.CRM.associatednavigationproperty": {
                    "type": "string"
                  },
                  "_ren_constituentorganization_value@Microsoft.Dynamics.CRM.lookuplogicalname": {
                    "type": "string"
                  },
                  "_ren_constituentorganization_value@odata.type": {
                    "type": "string"
                  },
                  "_ren_constituentorganization_value": {
                    "type": "string"
                  },
                  "_modifiedby_value@OData.Community.Display.V1.FormattedValue": {
                    "type": "string"
                  },
                  "_modifiedby_value@Microsoft.Dynamics.CRM.lookuplogicalname": {
                    "type": "string"
                  },
                  "_modifiedby_value@odata.type": {
                    "type": "string"
                  },
                  "_modifiedby_value": {
                    "type": "string"
                  },
                  "ren_speakingrole": {
                    "type": "string"
                  },
                  "ren_coveredtopic": {
                    "type": "string"
                  },
                  "ren_name": {
                    "type": "string"
                  },
                  "_createdby_value@OData.Community.Display.V1.FormattedValue": {
                    "type": "string"
                  },
                  "_createdby_value@Microsoft.Dynamics.CRM.lookuplogicalname": {
                    "type": "string"
                  },
                  "_createdby_value@odata.type": {
                    "type": "string"
                  },
                  "_createdby_value": {
                    "type": "string"
                  },
                  "_owningbusinessunit_value@OData.Community.Display.V1.FormattedValue": {
                    "type": "string"
                  },
                  "_owningbusinessunit_value@Microsoft.Dynamics.CRM.associatednavigationproperty": {
                    "type": "string"
                  },
                  "_owningbusinessunit_value@Microsoft.Dynamics.CRM.lookuplogicalname": {
                    "type": "string"
                  },
                  "_owningbusinessunit_value@odata.type": {
                    "type": "string"
                  },
                  "_owningbusinessunit_value": {
                    "type": "string"
                  },
                  "_owninguser_value@Microsoft.Dynamics.CRM.lookuplogicalname": {
                    "type": "string"
                  },
                  "_owninguser_value@odata.type": {
                    "type": "string"
                  },
                  "_owninguser_value": {
                    "type": "string"
                  },
                  "ren_registrationparticipationid@odata.type": {
                    "type": "string"
                  },
                  "ren_registrationparticipationid": {
                    "type": "string"
                  },
                  "_ren_contact_value@OData.Community.Display.V1.FormattedValue": {
                    "type": "string"
                  },
                  "_ren_contact_value@Microsoft.Dynamics.CRM.associatednavigationproperty": {
                    "type": "string"
                  },
                  "_ren_contact_value@Microsoft.Dynamics.CRM.lookuplogicalname": {
                    "type": "string"
                  },
                  "_ren_contact_value@odata.type": {
                    "type": "string"
                  },
                  "_ren_contact_value": {
                    "type": "string"
                  },
                  "ren_Event@odata.associationLink": {
                    "type": "string"
                  },
                  "ren_Event@odata.navigationLink": {
                    "type": "string"
                  },
                  "ownerid@odata.associationLink": {
                    "type": "string"
                  },
                  "ownerid@odata.navigationLink": {
                    "type": "string"
                  },
                  "ren_ConstituentOrganization@odata.associationLink": {
                    "type": "string"
                  },
                  "ren_ConstituentOrganization@odata.navigationLink": {
                    "type": "string"
                  },
                  "owningbusinessunit@odata.associationLink": {
                    "type": "string"
                  },
                  "owningbusinessunit@odata.navigationLink": {
                    "type": "string"
                  },
                  "ren_Contact@odata.associationLink": {
                    "type": "string"
                  },
                  "ren_Contact@odata.navigationLink": {
                    "type": "string"
                  },
                  "createdby@odata.associationLink": {
                    "type": "string"
                  },
                  "createdby@odata.navigationLink": {
                    "type": "string"
                  },
                  "createdonbehalfby@odata.associationLink": {
                    "type": "string"
                  },
                  "createdonbehalfby@odata.navigationLink": {
                    "type": "string"
                  },
                  "modifiedby@odata.associationLink": {
                    "type": "string"
                  },
                  "modifiedby@odata.navigationLink": {
                    "type": "string"
                  },
                  "modifiedonbehalfby@odata.associationLink": {
                    "type": "string"
                  },
                  "modifiedonbehalfby@odata.navigationLink": {
                    "type": "string"
                  },
                  "owninguser@odata.associationLink": {
                    "type": "string"
                  },
                  "owninguser@odata.navigationLink": {
                    "type": "string"
                  },
                  "owningteam@odata.associationLink": {
                    "type": "string"
                  },
                  "owningteam@odata.navigationLink": {
                    "type": "string"
                  },
                  "ren_registrationparticipation_SyncErrors@odata.associationLink": {
                    "type": "string"
                  },
                  "ren_registrationparticipation_SyncErrors@odata.navigationLink": {
                    "type": "string"
                  },
                  "ren_registrationparticipation_DuplicateMatchingRecord@odata.associationLink": {
                    "type": "string"
                  },
                  "ren_registrationparticipation_DuplicateMatchingRecord@odata.navigationLink": {
                    "type": "string"
                  },
                  "ren_registrationparticipation_DuplicateBaseRecord@odata.associationLink": {
                    "type": "string"
                  },
                  "ren_registrationparticipation_DuplicateBaseRecord@odata.navigationLink": {
                    "type": "string"
                  },
                  "ren_registrationparticipation_AsyncOperations@odata.associationLink": {
                    "type": "string"
                  },
                  "ren_registrationparticipation_AsyncOperations@odata.navigationLink": {
                    "type": "string"
                  },
                  "ren_registrationparticipation_MailboxTrackingFolders@odata.associationLink": {
                    "type": "string"
                  },
                  "ren_registrationparticipation_MailboxTrackingFolders@odata.navigationLink": {
                    "type": "string"
                  },
                  "ren_registrationparticipation_UserEntityInstanceDatas@odata.associationLink": {
                    "type": "string"
                  },
                  "ren_registrationparticipation_UserEntityInstanceDatas@odata.navigationLink": {
                    "type": "string"
                  },
                  "ren_registrationparticipation_ProcessSession@odata.associationLink": {
                    "type": "string"
                  },
                  "ren_registrationparticipation_ProcessSession@odata.navigationLink": {
                    "type": "string"
                  },
                  "ren_registrationparticipation_BulkDeleteFailures@odata.associationLink": {
                    "type": "string"
                  },
                  "ren_registrationparticipation_BulkDeleteFailures@odata.navigationLink": {
                    "type": "string"
                  },
                  "ren_registrationparticipation_PrincipalObjectAttributeAccesses@odata.associationLink": {
                    "type": "string"
                  },
                  "ren_registrationparticipation_PrincipalObjectAttributeAccesses@odata.navigationLink": {
                    "type": "string"
                  }
                }
              }
            }
          }
        },
        "Select_reg_part_fields": {
          "runAfter": {
            "Parse_reg_part_rows": [
              "Succeeded"
            ]
          },
          "metadata": {
            "operationMetadataId": "d1ce3794-511b-4c2c-9756-d74623e0279f"
          },
          "type": "Select",
          "inputs": {
            "from": "@body('Parse_reg_part_rows')",
            "select": {
              "organization": "@item()?['_ren_constituentorganization_value@OData.Community.Display.V1.FormattedValue']",
              "event": "@item()?['_ren_event_value@OData.Community.Display.V1.FormattedValue']",
              "contact": "@item()?['_ren_contact_value@OData.Community.Display.V1.FormattedValue']",
              "fistname": "@item()?['ren_firstname']",
              "lastname": "@item()?['ren_lastname']",
              "email": "@item()?['ren_email']",
              "primaryrole": "@item()?['ren_primaryrole']",
              "speakingrole": "@item()?['ren_speakingrole']",
              "coveredtopic": "@item()?['ren_coveredtopic']",
              "goal": "@item()?['ren_goal']"
            }
          }
        },
        "Select_reg_part_emails": {
          "runAfter": {
            "Select_reg_part_fields": [
              "Succeeded"
            ]
          },
          "metadata": {
            "operationMetadataId": "acc3bcfb-d8d8-4358-b8a0-e4329d5fc138"
          },
          "type": "Select",
          "inputs": {
            "from": "@body('Select_reg_part_fields')",
            "select": "@item()?['email']"
          }
        },
        "Remove_null_reg_part_emails": {
          "runAfter": {
            "Select_reg_part_emails": [
              "Succeeded"
            ]
          },
          "metadata": {
            "operationMetadataId": "276d7ea7-4d70-4796-ada0-188d97814173"
          },
          "type": "Query",
          "inputs": {
            "from": "@body('Select_reg_part_emails')",
            "where": "@equals(empty(item()), false)"
          }
        },
        "Remove_duplicate_reg_part_emails": {
          "runAfter": {
            "Remove_null_reg_part_emails": [
              "Succeeded"
            ]
          },
          "metadata": {
            "operationMetadataId": "eaeb125a-ff32-466b-94bc-8399e277881f"
          },
          "type": "Compose",
          "inputs": "@union(body('Remove_null_reg_part_emails'),body('Remove_null_reg_part_emails'))"
        },
        "common_emails_RegPart_array_of_emails": {
          "runAfter": {
            "Remove_duplicate_reg_part_emails": [
              "Succeeded"
            ]
          },
          "metadata": {
            "operationMetadataId": "933929ea-f888-478b-989e-d7889b215ac6"
          },
          "type": "Compose",
          "inputs": "@intersection(outputs('Remove_duplicate_registrant_emails'),body('Remove_null_participant_emails'))"
        },
        "Emails_to_insert": {
          "runAfter": {
            "Common_emails_in_all_tables": [
              "Succeeded"
            ]
          },
          "metadata": {
            "operationMetadataId": "3d4c6657-84e5-4081-a426-ac86bee2a084"
          },
          "type": "Query",
          "inputs": {
            "from": "@outputs('common_emails_RegPart_array_of_emails')",
            "where": "@not(contains(outputs('Common_emails_in_all_tables'), item()))"
          }
        },
        "Common_emails_in_all_tables": {
          "runAfter": {
            "common_emails_RegPart_array_of_emails": [
              "Succeeded"
            ]
          },
          "metadata": {
            "operationMetadataId": "ec9c63af-c8c9-447e-b781-75272f96764e"
          },
          "type": "Compose",
          "inputs": "@intersection(outputs('common_emails_RegPart_array_of_emails'),outputs('Remove_duplicate_reg_part_emails'))"
        },
        "Array_of_items_to_insert": {
          "runAfter": {
            "Final_Participant_Fields": [
              "Succeeded"
            ]
          },
          "metadata": {
            "operationMetadataId": "3ff73431-9319-4713-ad6e-9992df7b88af"
          },
          "type": "Query",
          "inputs": {
            "from": "@outputs('Final_Participant_Fields')",
            "where": "@contains(body('Emails_to_insert'), item()['email'])"
          }
        },
        "Inserting_items": {
          "foreach": "@body('Array_of_items_to_insert')",
          "actions": {
            "Add_a_new_row": {
              "runAfter": {},
              "metadata": {
                "operationMetadataId": "5ab7b11d-ff75-414c-85f7-14e7e363dacb"
              },
              "type": "OpenApiConnection",
              "inputs": {
                "host": {
                  "connectionName": "shared_commondataserviceforapps",
                  "operationId": "CreateRecord",
                  "apiId": "/providers/Microsoft.PowerApps/apis/shared_commondataserviceforapps"
                },
                "parameters": {
                  "entityName": "ren_registrationparticipations",
                  "item/ren_Event@odata.bind": "msnfp_events(@{variables('EventId')})",
                  "item/ren_goal": "@item()['goal']",
                  "item/ren_primaryrole": "@item()['primaryrole']",
                  "item/ren_contact": "@item()['contact']",
                  "item/ren_coveredtopic": "@item()['coveredtopic']",
                  "item/ren_email": "@item()['email']",
                  "item/ren_firstname": "@item()['fistname']",
                  "item/ren_lastname": "@item()['lastname']",
                  "item/ren_oraganization": "@item()['organization']",
                  "item/ren_registrationparticipationid": "@guid()",
                  "item/ren_speakingrole": "@item()['speakingrole']"
                },
                "authentication": {
                  "type": "Raw",
                  "value": "@json(decodeBase64(triggerOutputs().headers['X-MS-APIM-Tokens']))['$ConnectionKey']"
                }
              }
            }
          },
          "runAfter": {
            "Array_of_items_to_insert": [
              "Succeeded"
            ]
          },
          "metadata": {
            "operationMetadataId": "cb69bc4d-70cc-4483-ba67-ddfe81e6230b"
          },
          "type": "Foreach"
        },
        "Select_participant_records_where_emails_are_null": {
          "runAfter": {
            "Select_participant_emails": [
              "Succeeded"
            ]
          },
          "metadata": {
            "operationMetadataId": "7296c535-611f-44dc-882c-7028a8c5332a"
          },
          "type": "Query",
          "inputs": {
            "from": "@body('Select_participant_fields')",
            "where": "@equals(empty(item()['email']), true)"
          }
        },
        "Select_registrant_records_where_emails_are_null": {
          "runAfter": {
            "Select_registrant_emails": [
              "Succeeded"
            ]
          },
          "metadata": {
            "operationMetadataId": "72d577c1-c61e-4547-b580-abf15ad348e7"
          },
          "type": "Query",
          "inputs": {
            "from": "@body('Select_registrant_fields')",
            "where": "@equals(empty(item()['email']), true)"
          }
        },
        "Get_registrant_emails_where_it_was_null": {
          "foreach": "@body('Select_registrant_records_where_emails_are_null')",
          "actions": {
            "Get_a_row_by_ID": {
              "runAfter": {},
              "metadata": {
                "operationMetadataId": "7fe1a97c-82f5-4277-a176-c6ad74ab2098"
              },
              "type": "OpenApiConnection",
              "inputs": {
                "host": {
                  "connectionName": "shared_commondataserviceforapps",
                  "operationId": "GetItem",
                  "apiId": "/providers/Microsoft.PowerApps/apis/shared_commondataserviceforapps"
                },
                "parameters": {
                  "entityName": "contacts",
                  "recordId": "@item()['contactid']"
                },
                "authentication": {
                  "type": "Raw",
                  "value": "@json(decodeBase64(triggerOutputs().headers['X-MS-APIM-Tokens']))['$ConnectionKey']"
                }
              }
            },
            "addOrganizationProperty": {
              "runAfter": {
                "Get_a_row_by_ID": [
                  "Succeeded"
                ]
              },
              "metadata": {
                "operationMetadataId": "d21c3cbc-1218-4758-aa74-c4307678e039"
              },
              "type": "Compose",
              "inputs": "@addProperty(variables('ObjVar'),'organization',item()['organization'])"
            },
            "addDateProperty": {
              "runAfter": {
                "addOrganizationProperty": [
                  "Succeeded"
                ]
              },
              "metadata": {
                "operationMetadataId": "9c563998-8ceb-4f17-a847-a22434b5f3b6"
              },
              "type": "Compose",
              "inputs": "@addProperty(outputs('addOrganizationProperty'),'date',item()['date'])"
            },
            "addEventProperty": {
              "runAfter": {
                "addDateProperty": [
                  "Succeeded"
                ]
              },
              "metadata": {
                "operationMetadataId": "5c2923c0-74ee-4a1f-8969-400f406119e6"
              },
              "type": "Compose",
              "inputs": "@addProperty(outputs('addDateProperty'),'event',item()['event'])"
            },
            "addContactProperty": {
              "runAfter": {
                "addEventProperty": [
                  "Succeeded"
                ]
              },
              "metadata": {
                "operationMetadataId": "9936e92e-c593-4e68-85d0-916821a960fd"
              },
              "type": "Compose",
              "inputs": "@addProperty(outputs('addEventProperty'),'contact',item()['contact'])"
            },
            "addFistnameProperty": {
              "runAfter": {
                "addContactProperty": [
                  "Succeeded"
                ]
              },
              "metadata": {
                "operationMetadataId": "603d585a-bd6e-40ae-9c6c-a7e447aa9949"
              },
              "type": "Compose",
              "inputs": "@addProperty(outputs('addContactProperty'),'firstname',outputs('Get_a_row_by_ID')?['body/firstname'])"
            },
            "addLastnameProperty": {
              "runAfter": {
                "addFistnameProperty": [
                  "Succeeded"
                ]
              },
              "metadata": {
                "operationMetadataId": "898192c9-a5c3-4011-8392-cf72edb28c6e"
              },
              "type": "Compose",
              "inputs": "@addProperty(outputs('addFistnameProperty'),'lastname',outputs('Get_a_row_by_ID')?['body/lastname'])"
            },
            "addEmailProperty": {
              "runAfter": {
                "addLastnameProperty": [
                  "Succeeded"
                ]
              },
              "metadata": {
                "operationMetadataId": "890208af-3a7f-41db-842e-3a505ebab9ab"
              },
              "type": "Compose",
              "inputs": "@addProperty(outputs('addLastnameProperty'),'email',outputs('Get_a_row_by_ID')?['body/emailaddress1'])"
            },
            "Append_to_array_variable": {
              "runAfter": {
                "addEmailProperty": [
                  "Succeeded"
                ]
              },
              "metadata": {
                "operationMetadataId": "b41e5a38-6991-4ced-bb0b-3af65f541bb2"
              },
              "type": "AppendToArrayVariable",
              "inputs": {
                "name": "regArrayNullValueRetrieved",
                "value": "@outputs('addEmailProperty')"
              }
            }
          },
          "runAfter": {
            "Select_registrant_records_where_emails_are_null": [
              "Succeeded"
            ]
          },
          "metadata": {
            "operationMetadataId": "a61d29c5-4e73-4116-a98b-b6ff2debd19d"
          },
          "type": "Foreach"
        },
        "ObjVar": {
          "runAfter": {
            "EventId": [
              "Succeeded"
            ]
          },
          "metadata": {
            "operationMetadataId": "067eb840-ebcb-4317-a286-dc95c5a29ce5"
          },
          "type": "InitializeVariable",
          "inputs": {
            "variables": [
              {
                "name": "ObjVar",
                "type": "object",
                "value": {}
              }
            ]
          }
        },
        "temp": {
          "runAfter": {
            "partArrayNullValueRetrieved": [
              "Succeeded"
            ]
          },
          "metadata": {
            "operationMetadataId": "0cbf7d2b-53fd-4365-976d-dae083ac89c1"
          },
          "type": "InitializeVariable",
          "inputs": {
            "variables": [
              {
                "name": "temp",
                "type": "object"
              }
            ]
          }
        },
        "regArrayNullValueRetrieved": {
          "runAfter": {
            "ObjVar": [
              "Succeeded"
            ]
          },
          "metadata": {
            "operationMetadataId": "96acdf56-b4da-4998-983b-783ed75e56ce"
          },
          "type": "InitializeVariable",
          "inputs": {
            "variables": [
              {
                "name": "regArrayNullValueRetrieved",
                "type": "array",
                "value": []
              }
            ]
          }
        },
        "Compose_regArrayNullValueRetrieved": {
          "runAfter": {
            "Get_registrant_emails_where_it_was_null": [
              "Succeeded"
            ]
          },
          "metadata": {
            "operationMetadataId": "3518d1c0-e840-4a25-8c6a-4757aa2a714e"
          },
          "type": "Compose",
          "inputs": "@variables('regArrayNullValueRetrieved')"
        },
        "Get_participant_emails_where_it_was_null": {
          "foreach": "@body('Select_participant_records_where_emails_are_null')",
          "actions": {
            "Get_a_row_by_ID_2": {
              "runAfter": {},
              "metadata": {
                "operationMetadataId": "d3a24262-196a-4184-af9d-f2bae52bb87a"
              },
              "type": "OpenApiConnection",
              "inputs": {
                "host": {
                  "connectionName": "shared_commondataserviceforapps",
                  "operationId": "GetItem",
                  "apiId": "/providers/Microsoft.PowerApps/apis/shared_commondataserviceforapps"
                },
                "parameters": {
                  "entityName": "contacts",
                  "recordId": "@item()['contactid']"
                },
                "authentication": {
                  "type": "Raw",
                  "value": "@json(decodeBase64(triggerOutputs().headers['X-MS-APIM-Tokens']))['$ConnectionKey']"
                }
              }
            },
            "addOrganizationProperty2": {
              "runAfter": {
                "Get_a_row_by_ID_2": [
                  "Succeeded"
                ]
              },
              "metadata": {
                "operationMetadataId": "c80f45f8-b68b-4c41-b5a3-9d7b2a69660a"
              },
              "type": "Compose",
              "inputs": "@addProperty(variables('ObjVar2'),'organization',item()['organization'])"
            },
            "addDateProperty2": {
              "runAfter": {
                "addOrganizationProperty2": [
                  "Succeeded"
                ]
              },
              "metadata": {
                "operationMetadataId": "826338f2-9e11-49a4-a652-81b9cb29755b"
              },
              "type": "Compose",
              "inputs": "@addProperty(outputs('addOrganizationProperty2'),'date',item()['date'])"
            },
            "addEventProperty2": {
              "runAfter": {
                "addDateProperty2": [
                  "Succeeded"
                ]
              },
              "metadata": {
                "operationMetadataId": "6073bc3b-b457-4d5a-b2a1-6f49e0103ee6"
              },
              "type": "Compose",
              "inputs": "@addProperty(outputs('addDateProperty2'),'event',item()['event'])"
            },
            "addContactProperty2": {
              "runAfter": {
                "addEventProperty2": [
                  "Succeeded"
                ]
              },
              "metadata": {
                "operationMetadataId": "6da449a3-3735-4cd0-b9b7-fa93d091909c"
              },
              "type": "Compose",
              "inputs": "@addProperty(outputs('addEventProperty2'),'contact', item()['contact'])"
            },
            "addFistnameProperty2": {
              "runAfter": {
                "addContactProperty2": [
                  "Succeeded"
                ]
              },
              "metadata": {
                "operationMetadataId": "b9f7f24e-3b7c-4d2f-92df-33835204a5b2"
              },
              "type": "Compose",
              "inputs": "@addProperty(outputs('addContactProperty2'),'fistname', outputs('Get_a_row_by_ID_2')?['body/firstname'])"
            },
            "addLastnameProperty2": {
              "runAfter": {
                "addFistnameProperty2": [
                  "Succeeded"
                ]
              },
              "metadata": {
                "operationMetadataId": "9f3cafac-f2cd-4a92-88a8-1e5039e8b44d"
              },
              "type": "Compose",
              "inputs": "@addProperty(outputs('addFistnameProperty2'),'lastname', outputs('Get_a_row_by_ID_2')?['body/lastname'])"
            },
            "addEmailProperty2": {
              "runAfter": {
                "addLastnameProperty2": [
                  "Succeeded"
                ]
              },
              "metadata": {
                "operationMetadataId": "6b817b9e-7c99-4576-9c74-3f63dd0e2710"
              },
              "type": "Compose",
              "inputs": "@addProperty(outputs('addLastnameProperty2'),'email', outputs('Get_a_row_by_ID_2')?['body/emailaddress1'])"
            },
            "addPrimaryroleProperty": {
              "runAfter": {
                "addEmailProperty2": [
                  "Succeeded"
                ]
              },
              "metadata": {
                "operationMetadataId": "4cd6fa20-ec22-470e-9615-1e748519c60b"
              },
              "type": "Compose",
              "inputs": "@addProperty(outputs('addEmailProperty2'),'primaryrole',item()['primaryrole'])"
            },
            "addSpeakingroleProperty": {
              "runAfter": {
                "addPrimaryroleProperty": [
                  "Succeeded"
                ]
              },
              "metadata": {
                "operationMetadataId": "a9a8d7ad-f65d-43dc-90cb-6b59a4058680"
              },
              "type": "Compose",
              "inputs": "@addProperty(outputs('addPrimaryroleProperty'),'speakingrole',item()['speakingrole'])"
            },
            "addCoveredtopicProperty": {
              "runAfter": {
                "addSpeakingroleProperty": [
                  "Succeeded"
                ]
              },
              "metadata": {
                "operationMetadataId": "3ee38c95-3ebc-4ad7-b32b-62effcbc34b9"
              },
              "type": "Compose",
              "inputs": "@addProperty(outputs('addSpeakingroleProperty'),'coveredtopic',item()['coveredtopic'])"
            },
            "addGoalProperty": {
              "runAfter": {
                "addCoveredtopicProperty": [
                  "Succeeded"
                ]
              },
              "metadata": {
                "operationMetadataId": "ad49a905-4e28-41c4-aa39-cccd6459d0a0"
              },
              "type": "Compose",
              "inputs": "@addProperty(outputs('addCoveredtopicProperty'),'goal',item()['goal'])"
            },
            "Append_to_array_variable_2": {
              "runAfter": {
                "addContactidProperty": [
                  "Succeeded"
                ]
              },
              "metadata": {
                "operationMetadataId": "b4ba7e4e-e32c-4746-ac0c-e2939903f929"
              },
              "type": "AppendToArrayVariable",
              "inputs": {
                "name": "partArrayNullValueRetrieved",
                "value": "@outputs('addContactidProperty')"
              }
            },
            "addContactidProperty": {
              "runAfter": {
                "addGoalProperty": [
                  "Succeeded"
                ]
              },
              "metadata": {
                "operationMetadataId": "c5aeaee6-1ecd-429f-a824-46b4d21e3f07"
              },
              "type": "Compose",
              "inputs": "@addProperty(outputs('addGoalProperty'),'contactid',item()['contactid'])"
            }
          },
          "runAfter": {
            "Select_participant_records_where_emails_are_null": [
              "Succeeded"
            ]
          },
          "metadata": {
            "operationMetadataId": "956033f4-817c-4f83-992c-5522f9f57ff4"
          },
          "type": "Foreach"
        },
        "ObjVar2": {
          "runAfter": {
            "regArrayNullValueRetrieved": [
              "Succeeded"
            ]
          },
          "metadata": {
            "operationMetadataId": "635e6074-93fc-4ce5-aea0-5fd2ef7267be"
          },
          "type": "InitializeVariable",
          "inputs": {
            "variables": [
              {
                "name": "ObjVar2",
                "type": "object",
                "value": {}
              }
            ]
          }
        },
        "partArrayNullValueRetrieved": {
          "runAfter": {
            "ObjVar2": [
              "Succeeded"
            ]
          },
          "metadata": {
            "operationMetadataId": "82fc9885-5fb1-4f7f-baac-d81d6d2985f0"
          },
          "type": "InitializeVariable",
          "inputs": {
            "variables": [
              {
                "name": "partArrayNullValueRetrieved",
                "type": "array",
                "value": []
              }
            ]
          }
        },
        "Compose_partArrayNullValueRetrieved": {
          "runAfter": {
            "Get_participant_emails_where_it_was_null": [
              "Succeeded"
            ]
          },
          "metadata": {
            "operationMetadataId": "bba1c99c-87f9-4f54-8585-a89cc380ae86"
          },
          "type": "Compose",
          "inputs": "@variables('partArrayNullValueRetrieved')"
        },
        "Select_regEmailsRetrievedFromContact": {
          "runAfter": {
            "Compose_regArrayNullValueRetrieved": [
              "Succeeded"
            ]
          },
          "metadata": {
            "operationMetadataId": "11c5d7a9-0e5e-471a-b01b-fcf2934b8910"
          },
          "type": "Select",
          "inputs": {
            "from": "@outputs('Compose_regArrayNullValueRetrieved')",
            "select": "@item()?['email']"
          }
        },
        "Select_partEmailsRetrievedFromContact": {
          "runAfter": {
            "Compose_partArrayNullValueRetrieved": [
              "Succeeded"
            ]
          },
          "metadata": {
            "operationMetadataId": "239dc77f-888d-457f-a521-5078de71e74d"
          },
          "type": "Select",
          "inputs": {
            "from": "@outputs('Compose_partArrayNullValueRetrieved')",
            "select": "@item()['email']"
          }
        },
        "Final_registrant_emails": {
          "runAfter": {
            "Select_regEmailsRetrievedFromContact": [
              "Succeeded"
            ]
          },
          "metadata": {
            "operationMetadataId": "24699317-1226-413f-abf5-e89cd300458f"
          },
          "type": "Compose",
          "inputs": "@union(body('Select_registrant_emails'),body('Select_regEmailsRetrievedFromContact'))"
        },
        "Final_participant_emails": {
          "runAfter": {
            "Select_partEmailsRetrievedFromContact": [
              "Succeeded"
            ]
          },
          "metadata": {
            "operationMetadataId": "3350e8fb-950d-42d3-882d-88248dead6e8"
          },
          "type": "Compose",
          "inputs": "@union(body('Select_participant_emails'),body('Select_partEmailsRetrievedFromContact'))"
        },
        "Final_Participant_Fields": {
          "runAfter": {
            "Emails_to_insert": [
              "Succeeded"
            ]
          },
          "metadata": {
            "operationMetadataId": "d3347236-3e51-45ec-a92b-6b0b8e6d7e30"
          },
          "type": "Compose",
          "inputs": "@union(body('Select_participant_fields'),outputs('Compose_partArrayNullValueRetrieved'))"
        },
        "Registrants_where_contact_is_null": {
          "runAfter": {
            "Select_registrant_fields": [
              "Succeeded"
            ]
          },
          "metadata": {
            "operationMetadataId": "c3cd6504-5f41-4682-a322-86f21e4eb7e7"
          },
          "type": "Query",
          "inputs": {
            "from": "@body('Select_registrant_fields')",
            "where": "@equals(item()['contact'], null)"
          }
        },
        "Participants_where_contact_is_null": {
          "runAfter": {
            "Select_participant_fields": [
              "Succeeded"
            ]
          },
          "metadata": {
            "operationMetadataId": "ab43b81f-1019-441c-8d69-94c989d7420d"
          },
          "type": "Query",
          "inputs": {
            "from": "@body('Select_participant_fields')",
            "where": "@equals(item()['contact'], null)"
          }
        },
        "Registrants_emails_where_contact_is_null": {
          "runAfter": {
            "Registrants_where_contact_is_null": [
              "Succeeded"
            ]
          },
          "metadata": {
            "operationMetadataId": "acddee6f-b8b1-4e01-891d-3a8173205977"
          },
          "type": "Select",
          "inputs": {
            "from": "@body('Registrants_where_contact_is_null')",
            "select": "@item()?['email']"
          }
        },
        "Participants_emails_where_contact_is_null": {
          "runAfter": {
            "Participants_where_contact_is_null": [
              "Succeeded"
            ]
          },
          "metadata": {
            "operationMetadataId": "cd725c62-ce4d-4bf0-b2cd-2a66c90b48c1"
          },
          "type": "Select",
          "inputs": {
            "from": "@body('Participants_where_contact_is_null')",
            "select": "@item()?['email']"
          }
        },
        "Intersection_regPart_emails_where_contact_is_null": {
          "runAfter": {
            "Inserting_items": [
              "Succeeded"
            ]
          },
          "metadata": {
            "operationMetadataId": "3aa33bd3-4133-4265-a365-5140653a3e7b"
          },
          "type": "Compose",
          "inputs": "@intersection(body('Registrants_emails_where_contact_is_null'),body('Participants_emails_where_contact_is_null'))"
        },
        "Common_regPart_records_where_contact_is_null": {
          "runAfter": {
            "Intersection_regPart_emails_where_contact_is_null": [
              "Succeeded"
            ]
          },
          "metadata": {
            "operationMetadataId": "2d48179b-fa77-42fb-b500-8b7eea59e598"
          },
          "type": "Query",
          "inputs": {
            "from": "@body('Participants_where_contact_is_null')",
            "where": "@contains(outputs('Intersection_regPart_emails_where_contact_is_null'), item()['email'])"
          }
        },
        "List_lead_rows": {
          "runAfter": {
            "Common_regPart_records_where_contact_is_null": [
              "Succeeded"
            ]
          },
          "metadata": {
            "operationMetadataId": "02417ef5-d526-436f-955e-b96a03f1cd4e"
          },
          "type": "OpenApiConnection",
          "inputs": {
            "host": {
              "connectionName": "shared_commondataserviceforapps",
              "operationId": "ListRecords",
              "apiId": "/providers/Microsoft.PowerApps/apis/shared_commondataserviceforapps"
            },
            "parameters": {
              "entityName": "leads",
              "$select": "emailaddress1"
            },
            "authentication": {
              "type": "Raw",
              "value": "@json(decodeBase64(triggerOutputs().headers['X-MS-APIM-Tokens']))['$ConnectionKey']"
            }
          }
        },
        "Select_lead_emails": {
          "runAfter": {
            "List_lead_rows": [
              "Succeeded"
            ]
          },
          "metadata": {
            "operationMetadataId": "39cbe53f-daaa-4795-9174-85537db9310e"
          },
          "type": "Select",
          "inputs": {
            "from": "@outputs('List_lead_rows')?['body/value']",
            "select": "@item()['emailaddress1']"
          }
        },
        "Intersection_to_get_emails_already_inserted": {
          "runAfter": {
            "Select_lead_emails": [
              "Succeeded"
            ]
          },
          "metadata": {
            "operationMetadataId": "38659787-e716-42fd-9821-e4e64edaaa0e"
          },
          "type": "Compose",
          "inputs": "@intersection(outputs('Intersection_regPart_emails_where_contact_is_null'),body('Select_lead_emails'))"
        },
        "Emails_to_insert_in_lead": {
          "runAfter": {
            "Intersection_to_get_emails_already_inserted": [
              "Succeeded"
            ]
          },
          "metadata": {
            "operationMetadataId": "1ac6132b-b378-4bdc-a3dd-d4e992d37418"
          },
          "type": "Query",
          "inputs": {
            "from": "@outputs('Intersection_regPart_emails_where_contact_is_null')",
            "where": "@not(contains(outputs('Intersection_to_get_emails_already_inserted'), item()))"
          }
        },
        "Lead_items_to_insert": {
          "runAfter": {
            "Emails_to_insert_in_lead": [
              "Succeeded"
            ]
          },
          "metadata": {
            "operationMetadataId": "92f4aac6-5bba-40d3-b412-6d01436821ba"
          },
          "type": "Query",
          "inputs": {
            "from": "@body('Common_regPart_records_where_contact_is_null')",
            "where": "@contains(body('Emails_to_insert_in_lead'), item()['email'])"
          }
        },
        "Inserting_leads": {
          "foreach": "@body('Lead_items_to_insert')",
          "actions": {
            "Add_lead_records": {
              "runAfter": {},
              "metadata": {
                "operationMetadataId": "461291c3-5aa8-4242-b1e5-6ec4e65c2b2f"
              },
              "type": "OpenApiConnection",
              "inputs": {
                "host": {
                  "connectionName": "shared_commondataserviceforapps",
                  "operationId": "CreateRecord",
                  "apiId": "/providers/Microsoft.PowerApps/apis/shared_commondataserviceforapps"
                },
                "parameters": {
                  "entityName": "leads",
                  "item/lastname": "@item()['lastname']",
                  "item/subject": "@item()['coveredtopic']",
                  "item/emailaddress1": "@item()['email']",
                  "item/firstname": "@item()['fistname']",
                  "item/leadsourcecode": 10,
                  "item/leadid": "@guid()"
                },
                "authentication": {
                  "type": "Raw",
                  "value": "@json(decodeBase64(triggerOutputs().headers['X-MS-APIM-Tokens']))['$ConnectionKey']"
                }
              }
            }
          },
          "runAfter": {
            "Lead_items_to_insert": [
              "Succeeded"
            ]
          },
          "metadata": {
            "operationMetadataId": "fbc1a8e1-f60a-4135-946e-85487f8b7142"
          },
          "type": "Foreach"
        },
        "EventId": {
          "runAfter": {},
          "metadata": {
            "operationMetadataId": "a3ffd3b4-a42a-4c40-be5b-6b529e71d62d"
          },
          "type": "InitializeVariable",
          "inputs": {
            "variables": [
              {
                "name": "EventId",
                "type": "string",
                "value": "@triggerBody()?['entity']?['msnfp_eventid']"
              }
            ]
          }
        }
      },
      "outputs": {}
    },
    "templateName": ""
  },
  "schemaVersion": "1.0.0.0"
}